Company,Ram,Touchscreen,Gpu_brand,Cpu_brand,P,os
Apple,8,0,Intel,Intel Core i5,2.855,Mac
Apple,8,0,Intel,Intel Core i5,1.916,Mac
HP,8,0,Intel,Intel Core i5,1.225,Linux
Apple,16,0,AMD,Intel Core i7,5.408,Mac
Apple,8,0,Intel,Intel Core i5,3.844,Mac
Acer,4,0,AMD,AMD Processor,0.852,Windows
Apple,16,0,Intel,Intel Core i7,4.561,Mac
Apple,8,0,Intel,Intel Core i5,2.469,Mac
Asus,16,0,Nvidia,Intel Core i7,3.186,Windows
Acer,8,0,Intel,Intel Core i5,1.641,Windows
HP,4,0,Intel,Intel Core i5,0.839,Linux
HP,4,0,Intel,Intel Core i3,0.735,Linux
Apple,16,0,AMD,Intel Core i7,5.2,Mac
Dell,4,0,AMD,Intel Core i3,1.063,Windows
Apple,8,0,Intel,Intel Dual Core,2.69,Mac
Apple,8,0,Intel,Intel Core i5,3.236,Mac
Dell,8,0,AMD,Intel Core i7,1.588,Windows
Apple,16,0,AMD,Intel Core i7,6.091,Mac
Lenovo,8,0,Nvidia,Intel Core i3,1.063,Linux
Dell,8,1,Intel,Intel Core i5,2.086,Windows
Asus,2,0,Intel,Intel Dual Core,0.409,Windows
Lenovo,8,0,Nvidia,Intel Core i5,2.129,Windows
HP,4,0,AMD,AMD Processor,0.55,Linux
Dell,8,1,Intel,Intel Core i5,1.745,Windows
HP,8,0,Intel,Intel Core i7,1.404,Windows
Dell,4,0,Intel,Intel Core i3,0.892,Windows
Apple,8,0,Intel,Intel Core i5,2.342,Mac
Dell,8,0,AMD,Intel Core i5,1.705,Windows
Dell,8,0,Intel,Intel Core i7,2.766,Windows
HP,8,0,Nvidia,Intel Core i5,1.91,Windows
Chuwi,4,0,Intel,Intel Dual Core,0.522,Windows
Asus,2,0,AMD,AMD Processor,0.424,Windows
HP,4,0,AMD,AMD Processor,0.936,Windows
Dell,16,1,Intel,Intel Core i7,3.983,Windows
Apple,8,0,Intel,Intel Core i5,2.127,Mac
Lenovo,4,0,Intel,Intel Dual Core,0.531,Windows
Acer,4,0,Intel,Intel Core i3,0.782,Linux
Dell,8,0,AMD,Intel Core i5,2.086,Windows
HP,4,0,Intel,Intel Core i5,1.041,Windows
HP,8,0,Nvidia,Intel Core i5,1.873,Windows
Asus,4,0,Intel,Intel Core i3,0.829,Linux
Dell,16,0,Nvidia,Intel Core i7,3.195,Windows
Asus,8,0,Nvidia,Intel Core i5,1.115,Linux
Acer,4,0,Intel,Intel Core i5,1.453,Windows
Dell,12,1,Nvidia,Intel Core i5,2.129,Windows
Apple,8,0,Intel,Intel Core i5,3.024,Mac
Lenovo,4,0,Intel,Intel Core i3,0.786,Linux
Asus,8,0,AMD,AMD Processor,2.768,Windows
Dell,4,0,AMD,Intel Core i5,1.362,Windows
Asus,4,0,Nvidia,Intel Dual Core,0.993,Windows
Lenovo,4,1,Intel,Intel Dual Core,0.68,Linux
Acer,8,0,Nvidia,Intel Core i7,1.792,Windows
HP,4,0,AMD,AMD Processor,0.849,Windows
HP,8,0,Intel,Intel Core i7,2.351,Windows
Acer,4,0,Intel,Intel Core i3,0.818,Windows
Dell,8,0,AMD,Intel Core i7,1.636,Windows
HP,4,0,Intel,Intel Core i3,0.936,Windows
Asus,4,0,Intel,Intel Core i5,1.249,Windows
MSI,16,0,Nvidia,Intel Core i7,5.219,Windows
Asus,4,0,Intel,Intel Core i3,0.884,Linux
Dell,16,0,AMD,Intel Core i7,2.768,Windows
Dell,8,0,Intel,Intel Core i5,1.873,Windows
Lenovo,8,0,Intel,Intel Core i3,1.277,Linux
Asus,8,0,Intel,Intel Core i5,2.005,Windows
HP,8,0,Intel,Intel Core i5,1.471,Windows
Asus,16,0,Nvidia,Intel Core i7,4.226,Windows
HP,4,0,AMD,Intel Core i3,0.935,Windows
HP,4,0,Intel,Intel Dual Core,0.488,Windows
Lenovo,4,0,Intel,Intel Core i5,1.17,Windows
Asus,12,0,Nvidia,Intel Core i7,2.023,Linux
Microsoft,4,1,Intel,Intel Core i5,2.321,Windows
Dell,8,0,AMD,Intel Core i7,2.035,Windows
Dell,8,0,AMD,Intel Core i7,1.854,Windows
MSI,8,0,Nvidia,Intel Core i5,2.334,Windows
Acer,8,0,Intel,Intel Core i3,0.829,Windows
Asus,8,0,Nvidia,Intel Core i7,2.023,Windows
Lenovo,8,0,Intel,Intel Core i5,1.106,Linux
Dell,8,0,Intel,Intel Core i7,1.822,Windows
Acer,4,0,Nvidia,Intel Core i3,1.13,Windows
HP,8,0,Nvidia,Intel Core i5,2.082,Windows
Dell,8,0,Intel,Intel Core i5,2.336,Windows
Apple,8,0,Intel,Intel Core i5,3.218,Mac
HP,8,0,Intel,Intel Core i5,1.833,Windows
Lenovo,4,0,AMD,AMD Processor,0.85,Windows
Acer,4,0,AMD,AMD Processor,0.842,Windows
Dell,16,0,Nvidia,Intel Core i7,2.875,Windows
HP,8,0,Nvidia,Intel Core i7,1.49,Windows
HP,8,0,Intel,Intel Core i5,1.277,Windows
Asus,16,0,Nvidia,Intel Core i7,3.088,Windows
Dell,8,0,Intel,Intel Core i7,3.514,Windows
Asus,8,0,AMD,AMD Processor,1.49,Windows
Acer,8,0,Nvidia,Intel Core i7,1.468,Windows
HP,16,0,Intel,Intel Core i7,2.551,Windows
Dell,8,0,Nvidia,Intel Core i5,2.547,Windows
Asus,8,0,Intel,Intel Core i7,2.236,Windows
Acer,8,1,Intel,Intel Core i5,1.805,Windows
Dell,8,0,AMD,Intel Core i7,1.279,Linux
Dell,4,0,AMD,Intel Core i3,1.034,Linux
Asus,6,0,Nvidia,Intel Core i3,1.23,Windows
HP,12,0,Nvidia,Intel Core i7,2.662,Windows
HP,8,0,AMD,Intel Core i7,1.532,Windows
HP,4,0,AMD,AMD Processor,0.744,Windows
Dell,8,0,AMD,Intel Core i5,1.379,Linux
HP,8,0,Nvidia,Intel Core i7,2.385,Windows
Microsoft,8,1,Intel,Intel Core i5,2.856,Windows
HP,6,0,Nvidia,Intel Core i5,1.404,Windows
Lenovo,4,0,Intel,Intel Core i3,0.884,Windows
Asus,8,0,Nvidia,Intel Core i7,2.543,Windows
MSI,16,0,Nvidia,Intel Core i7,2.768,Windows
Lenovo,8,0,Intel,Intel Core i7,3.154,Windows
Asus,16,0,Nvidia,Intel Core i7,2.69,Windows
Dell,8,1,Intel,Intel Core i7,2.939,Windows
Lenovo,8,1,Intel,Intel Core i5,2.982,Windows
HP,4,0,Intel,Intel Core i5,1.539,Windows
Dell,8,0,Intel,Intel Core i5,3.472,Windows
HP,8,1,Intel,Intel Core i5,2.982,Windows
HP,8,0,Intel,Intel Core i7,2.31,Windows
Dell,8,0,Nvidia,Intel Core i7,2.409,Windows
Asus,4,0,Nvidia,Intel Core i3,1.202,Windows
Asus,8,0,Nvidia,Intel Core i7,2.383,Windows
Acer,6,1,Intel,Intel Core i3,1.021,Windows
MSI,16,0,Nvidia,Intel Core i7,4.777,Windows
Lenovo,8,0,Nvidia,Intel Core i5,1.341,Linux
HP,16,0,Nvidia,Intel Core i7,2.709,Windows
Acer,4,0,AMD,AMD Processor,0.961,Windows
HP,4,0,Intel,Intel Dual Core,0.552,Linux
HP,8,0,Intel,Intel Core i5,1.731,Windows
Asus,4,0,AMD,AMD Processor,0.592,Windows
Dell,16,0,AMD,Intel Core i7,2.975,Windows
HP,8,0,Intel,Intel Core i5,1.978,Windows
Dell,8,0,AMD,Intel Core i5,1.362,Windows
Dell,4,0,AMD,Intel Core i3,0.957,Windows
Acer,8,0,Intel,Intel Core i7,1.884,Windows
Acer,4,0,Nvidia,Intel Core i3,1.219,Windows
HP,8,0,Intel,Intel Core i7,1.274,Windows
HP,8,0,Intel,Intel Core i7,2.106,Windows
Lenovo,4,0,Intel,Intel Dual Core,0.538,Linux
Asus,8,0,Nvidia,Intel Core i5,1.999,Windows
Lenovo,4,0,Nvidia,Intel Core i5,1.063,Linux
HP,4,0,Intel,Intel Core i5,1.49,Windows
Acer,4,0,Nvidia,Intel Core i3,1.396,Windows
Lenovo,8,0,AMD,Intel Core i5,2.378,Windows
Lenovo,8,0,Nvidia,Intel Core i7,1.852,Linux
Toshiba,4,0,Intel,Intel Core i5,1.283,Windows
HP,4,0,AMD,AMD Processor,0.786,Windows
Asus,8,0,Intel,Intel Core i7,2.342,Windows
HP,8,1,Intel,Intel Dual Core,4.292,Windows
Asus,4,0,Intel,Intel Dual Core,0.733,Windows
MSI,16,0,Nvidia,Intel Core i7,4.324,Windows
Acer,4,0,Intel,Intel Core i3,0.953,Windows
Dell,16,0,Nvidia,Intel Core i7,2.662,Windows
Dell,8,0,Nvidia,Intel Core i7,1.916,Windows
Lenovo,4,0,Intel,Intel Core i5,1.061,Windows
MSI,16,0,Nvidia,Intel Core i7,4.028,Windows
HP,4,0,Intel,Intel Core i5,2.306,Windows
HP,6,0,AMD,Intel Core i5,1.319,Windows
Lenovo,4,1,Intel,Intel Core i3,1.341,Windows
Asus,8,1,Intel,Intel Core i5,2.803,Windows
Dell,8,1,Intel,Intel Core i7,2.236,Windows
Toshiba,4,0,Intel,Intel Core i3,0.953,Windows
Asus,4,0,AMD,AMD Processor,0.859,Windows
Acer,4,0,Nvidia,Intel Core i5,1.716,Windows
Dell,8,0,AMD,Intel Core i5,1.552,Windows
Lenovo,16,0,Nvidia,Intel Core i7,2.3,Windows
Acer,4,0,Intel,Intel Dual Core,0.742,Windows
MSI,16,0,Nvidia,Intel Core i7,3.834,Windows
Acer,4,0,Intel,Intel Dual Core,0.775,Windows
Dell,8,0,Nvidia,Intel Core i7,2.26,Windows
Acer,8,0,Nvidia,Intel Core i5,1.82,Windows
HP,4,0,Intel,Intel Core i5,1.607,Windows
Huawei,8,0,Intel,Intel Core i5,2.875,Windows
HP,6,0,AMD,Intel Core i5,1.49,Windows
Lenovo,4,0,AMD,AMD Processor,0.659,Linux
Toshiba,4,0,Intel,Intel Core i3,1.042,Windows
HP,8,0,Nvidia,Intel Core i5,1.967,Windows
Dell,8,0,Intel,Intel Core i3,0.978,Windows
Acer,4,0,Intel,Intel Core i3,0.957,Windows
MSI,32,0,Nvidia,Intel Core i7,5.965,Windows
Lenovo,8,0,AMD,Intel Core i5,1.733,Windows
HP,8,1,Intel,Intel Core i5,3.195,Windows
Dell,16,0,AMD,Intel Core i7,2.236,Linux
Dell,8,0,Intel,Intel Core i5,2.982,Windows
Lenovo,16,1,Intel,Intel Core i7,3.941,Windows
Toshiba,8,0,Intel,Intel Core i5,1.69,Windows
Xiaomi,8,0,Nvidia,Intel Core i5,2.555,Linux
Dell,16,1,Nvidia,Intel Core i7,3.301,Windows
Dell,16,1,Nvidia,Intel Core i7,5.108,Windows
Lenovo,8,0,Nvidia,Intel Core i5,1.66,Linux
Acer,8,0,Intel,Intel Core i5,2.108,Windows
Dell,8,0,AMD,Intel Core i7,2.312,Windows
Lenovo,16,1,Intel,Intel Core i7,6.019,Windows
Vero,4,0,Intel,Intel Dual Core,0.554,Windows
Xiaomi,8,0,Nvidia,Intel Core i5,2.131,Linux
Lenovo,8,0,Nvidia,Intel Core i5,1.488,Linux
Dell,8,1,Intel,Intel Core i7,1.788,Windows
HP,8,0,Nvidia,Intel Core i5,1.948,Windows
Razer,32,1,Nvidia,Intel Core i7,12.998,Windows
HP,8,0,Intel,Intel Core i5,2.044,Windows
HP,16,0,Nvidia,Intel Core i7,2.939,Windows
HP,8,0,Nvidia,Intel Core i7,2.227,Windows
Dell,16,0,Nvidia,Intel Core i7,3.932,Windows
Lenovo,4,0,Intel,Intel Core i5,1.051,Windows
Acer,8,0,Nvidia,Intel Core i7,1.581,Windows
Lenovo,16,0,Nvidia,Intel Core i7,3.727,Windows
Dell,16,0,Nvidia,Intel Dual Core,6.511,Windows
Lenovo,16,0,Nvidia,Intel Core i7,2.979,Linux
Dell,6,1,Intel,Intel Core i3,0.936,Windows
Dell,8,1,Intel,Intel Core i7,4.154,Windows
Dell,8,0,Intel,Intel Core i7,3.088,Windows
Lenovo,8,0,Intel,Intel Core i5,1.272,Windows
Acer,8,0,Nvidia,Intel Core i7,1.66,Linux
Asus,16,0,Nvidia,Intel Core i7,2.999,Windows
HP,4,0,Intel,Intel Core i3,0.744,Linux
Lenovo,8,0,Intel,Intel Core i5,1.17,Linux
Huawei,8,0,Intel,Intel Core i7,3.195,Windows
Dell,8,0,AMD,Intel Core i7,1.986,Windows
Lenovo,8,0,Nvidia,Intel Core i5,1.255,Linux
HP,8,0,Nvidia,Intel Core i7,2.197,Windows
Dell,8,0,Intel,Intel Core i5,2.449,Windows
Dell,16,1,Intel,Intel Core i7,2.726,Windows
Dell,8,0,AMD,Intel Core i5,1.444,Linux
Lenovo,8,0,Intel,Intel Core i5,1.916,Windows
Toshiba,8,0,Intel,Intel Core i7,2.905,Windows
HP,8,0,Intel,Intel Core i5,1.692,Windows
Dell,16,0,Nvidia,Intel Core i7,5.235,Windows
Acer,8,0,Nvidia,Intel Core i7,1.773,Windows
Dell,16,1,AMD,Intel Core i7,1.831,Windows
Asus,8,0,Nvidia,Intel Core i5,1.639,Windows
Asus,8,0,Nvidia,Intel Core i5,1.899,Windows
HP,8,0,AMD,Intel Core i7,2.704,Windows
Asus,4,0,Intel,Intel Core i3,0.85,Windows
HP,4,0,AMD,AMD Processor,0.703,Windows
Lenovo,16,0,Nvidia,Intel Core i7,3.195,Windows
Dell,8,0,Intel,Intel Core i5,1.831,Windows
Acer,8,1,Intel,Intel Core i5,1.468,Windows
Dell,16,0,AMD,Intel Core i7,1.916,Linux
Acer,4,0,Intel,Intel Core i3,0.831,Linux
Asus,4,0,AMD,AMD Processor,1.225,Windows
Asus,32,0,Nvidia,Intel Core i7,8.29,Windows
Acer,8,0,Nvidia,Intel Core i5,1.803,Windows
Lenovo,8,0,Intel,Intel Core i3,1.255,Windows
Asus,8,0,Nvidia,Intel Core i7,2.44,Windows
Asus,8,0,Nvidia,Intel Core i7,1.895,Linux
Dell,8,0,Nvidia,Intel Core i5,1.873,Windows
Lenovo,8,1,Intel,Intel Core i7,2.3,Windows
Dell,8,0,AMD,Intel Core i7,2.099,Windows
HP,8,1,Intel,Intel Core i5,1.191,Windows
Asus,16,0,Nvidia,Intel Core i7,6.391,Windows
HP,4,0,Intel,Intel Core i5,1.439,Windows
Apple,8,0,Intel,Intel Core i5,4.348,Mac
Dell,8,1,Intel,Intel Core i7,1.745,Windows
Asus,16,0,Nvidia,Intel Core i7,3.834,Windows
Asus,4,0,AMD,AMD Processor,1.0,Windows
Lenovo,8,1,Intel,Intel Core i7,3.941,Windows
Acer,4,0,Nvidia,Intel Core i3,1.496,Windows
Dell,8,0,Intel,Intel Core i5,2.023,Windows
HP,8,0,AMD,AMD Processor,0.95,Windows
HP,16,0,Nvidia,Intel Core i7,2.257,Windows
MSI,16,0,Nvidia,Intel Core i7,5.326,Windows
Lenovo,8,1,Nvidia,Intel Core i7,3.621,Windows
Dell,8,0,AMD,Intel Core i7,2.434,Windows
Lenovo,4,0,Intel,Intel Core i3,0.946,Linux
HP,4,0,Intel,Intel Core i5,1.539,Windows
Dell,4,0,Intel,Intel Core i5,1.4,Windows
Dell,8,0,AMD,Intel Core i5,1.204,Windows
Dell,8,1,Intel,Intel Core i5,1.703,Windows
Asus,8,1,Intel,Intel Core i7,3.195,Windows
Lenovo,4,0,Intel,Intel Core i5,0.995,Linux
HP,8,0,Nvidia,Intel Core i7,2.17,Windows
Lenovo,8,0,Intel,Intel Core i7,1.875,Windows
Apple,8,0,Intel,Intel Core i5,4.175,Mac
Asus,16,0,AMD,AMD Processor,3.301,Windows
Dell,8,0,AMD,Intel Core i7,1.567,Linux
Lenovo,16,1,Intel,Intel Core i7,5.326,Windows
Toshiba,8,0,Nvidia,Intel Core i7,1.731,Windows
Dell,12,0,Intel,Intel Core i7,1.52,Windows
Dell,8,0,AMD,Intel Core i7,2.342,Linux
Acer,8,0,Nvidia,Intel Core i7,1.588,Windows
Lenovo,4,0,Intel,Intel Core i3,1.042,Windows
Lenovo,8,0,Nvidia,Intel Core i7,1.809,Linux
Lenovo,6,0,Nvidia,Intel Core i7,1.831,Windows
Dell,4,0,AMD,Intel Core i3,0.912,Linux
Lenovo,8,0,Nvidia,Intel Core i5,1.767,Windows
Lenovo,6,0,Intel,Intel Core i5,1.234,Windows
Acer,8,0,Nvidia,Intel Core i7,2.027,Windows
Acer,12,1,Intel,Intel Core i7,1.404,Windows
Lenovo,8,0,Intel,Intel Core i7,2.338,Windows
Asus,8,0,Nvidia,Intel Core i5,2.082,Windows
Lenovo,16,0,Nvidia,Intel Core i7,2.513,Windows
Lenovo,8,0,Nvidia,Intel Core i7,1.404,Linux
Acer,2,0,Intel,Intel Dual Core,0.424,Linux
Asus,8,0,Nvidia,Intel Core i7,2.53,Windows
HP,8,0,Intel,Intel Core i3,1.042,Windows
Dell,8,0,Nvidia,Intel Core i7,3.898,Windows
Lenovo,8,0,Intel,Intel Core i5,1.575,Windows
Lenovo,8,0,Nvidia,Intel Core i7,2.768,Windows
Acer,8,0,Nvidia,Intel Core i7,2.086,Linux
Dell,16,0,Nvidia,Intel Core i7,6.148,Windows
Lenovo,6,0,AMD,AMD Processor,1.063,Windows
Asus,16,0,Nvidia,Intel Core i7,3.129,Windows
Asus,4,0,Intel,Intel Core i3,1.085,Windows
Asus,16,0,Nvidia,Intel Core i7,4.522,Windows
Lenovo,6,0,Nvidia,Intel Core i5,1.383,Windows
Lenovo,8,0,Nvidia,Intel Core i5,1.17,Linux
Asus,8,0,Nvidia,Intel Core i7,2.696,Windows
Lenovo,4,0,Intel,Intel Dual Core,0.767,Linux
HP,16,1,Intel,Intel Core i7,4.209,Windows
Toshiba,8,0,Nvidia,Intel Core i7,2.223,Windows
Lenovo,8,0,Nvidia,Intel Core i5,1.745,Windows
HP,4,0,Intel,Intel Core i3,1.0,Windows
Lenovo,8,0,Intel,Intel Core i5,2.129,Windows
Dell,16,1,Intel,Intel Core i7,5.326,Windows
MSI,16,0,Nvidia,Intel Core i7,4.473,Windows
Acer,8,0,AMD,AMD Processor,1.0,Windows
Asus,2,1,Intel,Intel Dual Core,0.586,Windows
Dell,8,0,AMD,Intel Core i5,1.799,Windows
HP,16,1,Intel,Intel Core i7,5.219,Windows
Lenovo,4,0,Intel,Intel Dual Core,0.98,Linux
HP,8,0,Intel,Intel Core i5,2.089,Windows
Acer,4,0,Intel,Intel Dual Core,1.034,Windows
HP,8,0,Intel,Intel Core i7,2.754,Windows
Lenovo,4,0,Nvidia,Intel Core i5,1.255,Windows
Asus,8,0,Intel,Intel Core i7,2.332,Windows
HP,8,0,Intel,Intel Core i7,1.922,Windows
Acer,8,0,AMD,AMD Processor,1.404,Windows
Lenovo,4,0,Intel,Intel Dual Core,0.622,Windows
Acer,6,0,Intel,Intel Core i5,1.17,Windows
Asus,8,0,Nvidia,Intel Core i7,2.238,Windows
HP,8,0,Intel,Intel Core i7,2.845,Windows
Dell,32,1,Nvidia,Intel Core i7,5.624,Windows
MSI,8,0,Nvidia,Intel Core i7,2.555,Windows
Toshiba,8,0,Intel,Intel Core i5,2.01,Windows
Asus,8,0,Intel,Intel Core i7,2.843,Windows
Lenovo,4,0,Intel,Intel Core i3,0.957,Windows
Asus,8,0,Nvidia,Intel Core i7,2.129,Windows
HP,8,0,Intel,Intel Core i5,2.702,Windows
Dell,8,0,Nvidia,Intel Core i5,2.236,Windows
HP,8,0,Intel,Intel Core i5,2.438,Windows
Asus,4,0,Intel,Intel Dual Core,0.586,Linux
Dell,8,0,Nvidia,Intel Core i5,2.435,Windows
Dell,4,0,Intel,Intel Dual Core,0.586,Linux
Lenovo,12,0,AMD,AMD Processor,1.916,Windows
HP,8,0,Nvidia,Intel Core i3,1.526,Windows
Lenovo,16,1,Intel,Intel Core i7,4.473,Windows
Dell,8,0,Intel,Intel Core i7,3.365,Windows
Lenovo,16,0,Nvidia,Intel Core i7,2.406,Windows
HP,2,0,Intel,Intel Dual Core,0.595,Windows
Dell,16,0,Intel,Intel Core i7,3.427,Windows
Asus,4,1,Intel,Intel Dual Core,0.799,Windows
Dell,8,0,AMD,Intel Core i5,1.413,Windows
Dell,16,1,Nvidia,Intel Core i7,4.321,Windows
HP,8,0,Intel,Intel Core i7,2.779,Windows
MSI,8,0,Nvidia,Intel Core i7,3.003,Windows
HP,8,0,Nvidia,Intel Core i7,3.705,Windows
Toshiba,16,0,Nvidia,Intel Core i7,2.99,Windows
Dell,8,0,AMD,Intel Core i7,2.069,Windows
Lenovo,4,0,Intel,Intel Dual Core,0.686,Linux
Dell,8,0,Nvidia,Intel Core i5,2.129,Windows
Dell,8,1,Intel,Intel Core i5,1.188,Windows
Dell,8,0,Intel,Intel Core i5,3.041,Windows
HP,4,0,Intel,Intel Core i3,0.936,Windows
Asus,8,0,Intel,Intel Core i5,2.014,Windows
Lenovo,6,0,Nvidia,Intel Core i5,1.532,Windows
HP,8,0,Intel,Intel Core i5,1.362,Windows
Lenovo,8,0,Nvidia,Intel Core i3,1.063,Linux
HP,8,0,Intel,Intel Dual Core,0.829,Windows
Dell,8,0,AMD,Intel Core i5,2.312,Windows
Lenovo,8,0,Nvidia,Intel Core i5,1.724,Linux
Dell,8,0,AMD,Intel Core i7,1.916,Windows
HP,8,0,Intel,Intel Core i7,3.73,Windows
Asus,12,1,Nvidia,Intel Core i7,2.342,Windows
Acer,4,0,AMD,AMD Processor,0.908,Windows
Asus,16,0,AMD,AMD Processor,4.687,Windows
Lenovo,4,0,AMD,AMD Processor,1.042,Windows
Dell,8,1,Intel,Intel Core i7,1.852,Windows
HP,4,0,AMD,AMD Processor,1.042,Windows
Lenovo,4,0,Intel,Intel Dual Core,1.179,Windows
Dell,4,0,Intel,Intel Dual Core,0.659,Windows
Asus,4,0,Intel,Intel Dual Core,0.61,Windows
Acer,8,0,Nvidia,Intel Core i7,1.803,Linux
HP,8,0,Nvidia,Intel Core i7,2.538,Windows
Lenovo,4,0,Intel,Intel Core i3,0.86,Linux
Asus,8,0,Nvidia,Intel Core i7,3.527,Windows
Lenovo,8,0,Nvidia,Intel Core i5,2.342,Windows
Asus,16,1,Intel,Intel Core i7,3.727,Windows
Lenovo,8,0,Intel,Intel Core i7,4.863,Windows
Lenovo,4,0,Intel,Intel Core i3,1.17,Windows
Dell,8,0,AMD,Intel Core i5,2.918,Windows
Dell,8,0,Nvidia,Intel Core i7,4.55,Windows
Lenovo,16,1,Intel,Intel Core i7,5.347,Windows
Asus,8,0,Nvidia,Intel Core i7,2.214,Windows
Asus,16,0,Nvidia,Intel Core i7,3.391,Windows
Acer,12,0,Nvidia,Intel Core i5,1.479,Windows
MSI,8,0,Nvidia,Intel Core i7,2.875,Windows
Dell,8,0,AMD,Intel Core i7,1.66,Linux
HP,4,0,AMD,AMD Processor,1.063,Windows
Lenovo,8,0,AMD,Intel Core i7,2.62,Windows
Lenovo,8,0,Intel,Intel Core i5,1.999,Windows
Dell,8,1,Nvidia,Intel Core i7,5.78,Windows
Lenovo,16,0,Intel,Intel Core i7,5.594,Windows
Lenovo,4,0,Intel,Intel Dual Core,0.652,Windows
Asus,16,0,Nvidia,Intel Core i7,3.259,Windows
Lenovo,8,0,AMD,Intel Core i5,2.439,Windows
Acer,8,0,Nvidia,Intel Core i7,1.873,Linux
MSI,16,0,Nvidia,Intel Core i7,4.793,Windows
Asus,8,0,Intel,Intel Core i7,3.992,Windows
Toshiba,16,0,Intel,Intel Core i7,3.723,Windows
Dell,8,0,Intel,Intel Core i7,3.58,Windows
Lenovo,4,0,Intel,Intel Core i3,0.872,Windows
Lenovo,2,0,Intel,Intel Dual Core,0.649,Windows
Lenovo,8,0,Nvidia,Intel Core i7,4.103,Windows
Lenovo,8,0,Nvidia,Intel Core i7,4.141,Windows
HP,4,0,AMD,Intel Core i3,1.0,Windows
Acer,8,1,Intel,Intel Core i7,1.682,Windows
Asus,8,1,Intel,Intel Core i5,1.978,Windows
Dell,4,0,AMD,Intel Core i5,1.276,Linux
Dell,4,0,Intel,Intel Core i3,1.468,Windows
HP,8,0,Intel,Intel Core i7,3.197,Windows
Dell,8,0,Intel,Intel Core i5,1.151,Windows
Lenovo,8,0,AMD,Intel Core i7,2.59,Windows
Lenovo,16,1,Nvidia,Intel Core i7,4.047,Windows
Chuwi,6,0,Intel,Intel Dual Core,0.957,Windows
HP,8,0,Intel,Intel Core i7,3.041,Windows
Asus,8,0,Nvidia,Intel Core i3,1.272,Linux
Dell,16,0,Nvidia,Intel Core i7,5.965,Windows
Dell,8,0,Nvidia,Intel Core i7,2.47,Windows
Dell,8,0,AMD,Intel Core i7,2.435,Windows
Dell,8,0,Intel,Intel Core i7,2.342,Linux
HP,12,0,Nvidia,Intel Core i7,4.26,Windows
Mediacom,4,1,Intel,Intel Dual Core,0.637,Windows
Samsung,4,0,Intel,Intel Dual Core,0.573,Linux
Lenovo,8,0,Intel,Intel Core i7,2.153,Windows
Lenovo,4,0,Intel,Intel Core i3,1.277,Windows
Lenovo,16,0,Nvidia,Intel Core i7,5.211,Windows
Lenovo,16,0,Nvidia,Intel Core i7,5.219,Windows
Asus,8,0,AMD,AMD Processor,3.612,Windows
HP,4,0,Intel,Intel Dual Core,0.74,Windows
Google,16,1,Intel,Intel Core i7,4.687,Linux
Asus,4,0,Intel,Intel Core i5,1.191,Linux
Lenovo,8,0,AMD,AMD Processor,1.106,Windows
Dell,4,0,AMD,Intel Core i5,1.596,Windows
Lenovo,8,0,Intel,Intel Core i5,3.045,Windows
Lenovo,4,0,Intel,Intel Dual Core,0.744,Windows
HP,8,0,Nvidia,Intel Core i7,2.342,Windows
Dell,8,0,Nvidia,Intel Core i5,2.513,Windows
Acer,4,0,Intel,Intel Core i5,0.942,Linux
Dell,8,0,Nvidia,Intel Dual Core,4.247,Windows
MSI,8,0,Nvidia,Intel Core i5,2.19,Windows
Microsoft,16,1,Intel,Intel Core i7,5.518,Windows
HP,8,0,Intel,Intel Core i5,1.255,Windows
Dell,16,0,Nvidia,Intel Core i7,4.209,Windows
HP,8,0,Intel,Intel Core i7,3.269,Windows
Lenovo,8,0,Intel,Intel Core i5,2.866,Windows
Dell,8,0,AMD,Intel Core i7,2.086,Windows
Dell,4,1,Intel,Intel Dual Core,1.021,Windows
Dell,8,0,Nvidia,Intel Core i7,4.36,Windows
Microsoft,4,1,Intel,Intel Dual Core,2.108,Windows
Microsoft,8,1,Intel,Intel Core i7,3.834,Windows
HP,8,0,Intel,Intel Core i3,1.364,Windows
Acer,4,0,Nvidia,Intel Core i3,1.159,Windows
Acer,4,0,Intel,Intel Dual Core,0.927,Windows
Asus,8,0,Intel,Intel Core i5,1.596,Windows
Lenovo,8,0,AMD,Intel Core i7,1.703,Linux
Lenovo,8,0,Nvidia,Intel Core i7,4.454,Windows
Asus,4,0,Intel,Intel Dual Core,0.648,Windows
Acer,4,0,Nvidia,Intel Core i3,1.0,Windows
Dell,8,0,AMD,Intel Core i5,1.618,Windows
HP,12,0,Nvidia,Intel Core i7,3.621,Windows
Lenovo,12,0,Intel,Intel Core i7,3.96,Windows
HP,8,1,Intel,Intel Core i7,4.26,Windows
HP,8,0,AMD,Intel Core i5,2.459,Windows
Google,8,1,Intel,Intel Core i5,2.717,Linux
Dell,8,1,Intel,Intel Core i5,3.925,Windows
Asus,12,0,Intel,Intel Core i7,2.768,Windows
Dell,8,0,Intel,Intel Core i3,1.577,Windows
Dell,8,0,Nvidia,Intel Core i7,5.132,Windows
Lenovo,8,0,Intel,Intel Core i5,2.907,Windows
Dell,8,0,AMD,Intel Core i5,1.439,Windows
Toshiba,8,0,Intel,Intel Core i5,3.563,Windows
Dell,8,0,Nvidia,Intel Core i7,2.69,Windows
Dell,4,0,Intel,Intel Core i3,1.25,Windows
HP,4,0,Intel,Intel Core i5,1.547,Windows
Chuwi,4,0,Intel,Intel Dual Core,0.53,Windows
Lenovo,4,0,Intel,Intel Core i3,1.204,Windows
Lenovo,8,0,Intel,Intel Core i5,2.236,Windows
Dell,16,0,Nvidia,Intel Core i7,4.983,Windows
Dell,16,0,Nvidia,Intel Core i7,4.047,Windows
Lenovo,16,0,Intel,Intel Core i7,3.832,Windows
Asus,16,0,Intel,Intel Core i7,4.156,Windows
Lenovo,8,0,Nvidia,Intel Core i5,2.157,Windows
Toshiba,32,1,Intel,Intel Core i7,5.965,Windows
Asus,8,0,Nvidia,Intel Core i7,2.877,Windows
Acer,8,0,AMD,AMD Processor,1.234,Windows
Lenovo,8,0,Intel,Intel Core i5,2.342,Windows
Lenovo,8,0,Intel,Intel Core i7,1.916,Windows
HP,8,0,Intel,Intel Core i7,3.727,Windows
Lenovo,8,0,Intel,Intel Core i3,2.023,Windows
Lenovo,8,0,Intel,Intel Core i5,1.942,Windows
Asus,4,0,Intel,Intel Dual Core,0.725,Windows
HP,8,0,AMD,Intel Core i5,1.319,Windows
Lenovo,8,1,Intel,Intel Core i5,3.408,Windows
Lenovo,4,0,Intel,Intel Dual Core,0.637,Windows
Lenovo,4,0,Intel,Intel Dual Core,0.565,Linux
Lenovo,8,0,Intel,Intel Core i5,2.023,Windows
Asus,8,0,Intel,Intel Core i7,2.609,Windows
Acer,4,0,Nvidia,Intel Core i5,1.306,Windows
HP,8,0,Intel,Intel Core i7,2.82,Windows
Lenovo,8,0,Nvidia,Intel Core i7,2.449,Linux
Dell,8,1,Intel,Intel Core i5,1.916,Windows
Acer,4,0,Nvidia,Intel Core i7,1.362,Windows
Dell,8,0,Intel,Intel Core i5,1.782,Windows
Dell,16,0,AMD,Intel Core i7,2.598,Windows
Xiaomi,16,0,Nvidia,Intel Core i7,2.984,Linux
Asus,2,0,Intel,Intel Dual Core,0.522,Windows
HP,4,1,Intel,Intel Core i5,1.111,Windows
HP,8,0,Nvidia,Intel Core i5,1.895,Windows
Asus,16,0,Nvidia,Intel Core i7,3.205,Windows
Lenovo,8,0,Nvidia,Intel Core i7,2.982,Windows
HP,8,0,Intel,Intel Core i7,2.982,Windows
Dell,8,0,Intel,Intel Core i5,2.727,Windows
HP,4,0,Intel,Intel Core i3,1.468,Windows
Dell,8,0,AMD,Intel Core i5,1.895,Linux
Lenovo,8,0,Intel,Intel Core i5,2.856,Windows
Lenovo,4,0,Nvidia,Intel Core i7,1.703,Windows
Lenovo,8,0,Nvidia,Intel Core i3,0.978,Linux
Dell,4,0,AMD,Intel Core i5,1.247,Windows
Dell,8,0,Intel,Intel Core i5,2.935,Windows
Dell,16,0,Nvidia,Intel Core i7,6.421,Windows
Toshiba,8,0,Intel,Intel Core i5,1.833,Windows
Asus,8,0,Nvidia,Intel Core i7,2.768,Windows
Mediacom,4,0,Intel,Intel Dual Core,0.786,Windows
Asus,8,0,Nvidia,Intel Core i5,3.514,Windows
Dell,8,0,Nvidia,Intel Core i7,2.918,Windows
Dell,8,0,AMD,Intel Core i5,1.699,Windows
HP,4,0,Intel,Intel Dual Core,0.85,Windows
HP,12,0,Nvidia,Intel Core i7,3.834,Windows
Lenovo,8,0,Nvidia,Intel Core i7,1.831,Windows
Dell,8,1,Intel,Intel Core i7,2.982,Windows
Dell,4,0,Intel,Intel Core i3,1.568,Windows
HP,8,0,Intel,Intel Core i7,2.44,Windows
Acer,8,0,Nvidia,Intel Core i5,1.701,Linux
Asus,4,0,AMD,AMD Processor,0.744,Windows
HP,4,0,Intel,Intel Core i3,1.504,Windows
Lenovo,4,0,Intel,Intel Core i5,1.673,Windows
Lenovo,4,0,Intel,Intel Core i5,0.985,Linux
HP,4,0,Intel,Intel Core i3,0.846,Windows
Lenovo,8,0,Intel,Intel Core i7,3.685,Windows
Lenovo,4,0,Intel,Intel Core i3,1.063,Windows
Dell,8,0,Intel,Intel Core i5,2.381,Windows
Dell,16,0,Nvidia,Intel Core i7,5.752,Windows
HP,8,0,Intel,Intel Core i3,1.16,Windows
HP,8,0,Nvidia,Intel Core i7,2.728,Windows
Asus,4,0,Intel,Intel Dual Core,0.477,Linux
Mediacom,4,0,Intel,Intel Dual Core,0.543,Windows
Lenovo,6,0,Nvidia,Intel Core i7,2.023,Windows
HP,6,0,AMD,AMD Processor,1.212,Windows
Dell,4,0,AMD,Intel Core i3,1.317,Windows
Acer,4,1,Intel,Intel Dual Core,0.744,Windows
Lenovo,4,0,Intel,Intel Core i3,1.343,Windows
HP,16,1,Intel,Intel Dual Core,4.188,Windows
Lenovo,8,0,Nvidia,Intel Core i7,6.391,Windows
Asus,8,0,Nvidia,Intel Core i5,1.788,Windows
Dell,8,1,Intel,Intel Core i5,3.408,Windows
Dell,4,0,Intel,Intel Core i5,2.044,Windows
Fujitsu,8,0,Intel,Intel Core i5,1.575,Windows
Lenovo,4,0,Intel,Intel Dual Core,0.733,Windows
Lenovo,4,0,Intel,Intel Core i5,2.11,Windows
HP,8,0,Nvidia,Intel Core i5,3.966,Windows
HP,8,0,Intel,Intel Dual Core,0.829,Windows
HP,6,0,AMD,AMD Processor,1.383,Windows
Lenovo,8,0,Intel,Intel Core i5,1.769,Windows
Lenovo,4,0,Intel,Intel Core i5,1.46,Windows
Mediacom,4,0,Intel,Intel Dual Core,0.531,Windows
Toshiba,16,1,Intel,Intel Core i7,3.975,Windows
Lenovo,32,0,Nvidia,Intel Core i7,5.675,Windows
MSI,16,0,Nvidia,Intel Core i7,5.816,Windows
Dell,8,0,AMD,Intel Core i7,1.596,Linux
Mediacom,4,0,Intel,Intel Dual Core,0.829,Windows
Dell,8,0,Intel,Intel Core i5,2.149,Windows
HP,4,0,Intel,Intel Core i3,1.532,Windows
Dell,16,0,Nvidia,Intel Core i7,3.276,Windows
Dell,4,0,Intel,Intel Dual Core,0.629,Linux
MSI,16,0,Nvidia,Intel Core i7,5.006,Windows
HP,16,0,Nvidia,Intel Core i7,3.193,Windows
Lenovo,12,0,Intel,Intel Core i7,3.565,Windows
Lenovo,12,1,Intel,Intel Core i7,1.298,Windows
Asus,8,0,Nvidia,Intel Core i5,3.772,Windows
Asus,8,1,Intel,Intel Core i5,1.575,Windows
Lenovo,12,0,AMD,AMD Processor,2.023,Windows
Dell,4,1,Intel,Intel Dual Core,1.285,Windows
Samsung,16,0,Nvidia,Intel Core i7,3.621,Windows
Lenovo,4,0,Intel,Intel Core i3,1.127,Linux
Lenovo,8,0,Intel,Intel Core i3,0.978,Windows
Lenovo,8,1,Intel,Intel Core i7,4.316,Windows
Lenovo,8,0,Intel,Intel Core i5,3.141,Windows
Dell,8,1,Intel,Intel Core i5,3.559,Windows
Dell,8,1,Nvidia,Intel Core i7,3.757,Windows
HP,8,0,Intel,Intel Core i7,2.598,Windows
HP,4,0,Intel,Intel Core i3,1.425,Windows
Acer,4,0,Intel,Intel Dual Core,0.701,Windows
MSI,16,0,Nvidia,Intel Core i7,4.687,Windows
Dell,4,0,AMD,Intel Core i3,0.991,Linux
MSI,16,0,Nvidia,Intel Core i7,4.9,Windows
Toshiba,8,0,Intel,Intel Core i7,2.982,Windows
Lenovo,6,0,Intel,Intel Core i5,1.202,Windows
Lenovo,8,1,Intel,Intel Core i7,2.768,Windows
Acer,4,0,Intel,Intel Dual Core,0.744,Windows
Lenovo,32,0,Nvidia,Intel Dual Core,10.441,Windows
Dell,16,0,Nvidia,Intel Core i7,1.873,Windows
Dell,4,0,Intel,Intel Core i3,0.946,Linux
Dell,4,0,Intel,Intel Core i3,0.765,Linux
Dell,4,0,Intel,Intel Core i5,1.852,Linux
Asus,8,0,Nvidia,Intel Core i7,2.489,Windows
Dell,4,0,AMD,Intel Core i5,1.213,Linux
HP,8,0,Intel,Intel Core i7,2.96,Windows
MSI,16,0,Nvidia,Intel Core i7,4.833,Windows
Acer,4,1,Intel,Intel Dual Core,0.808,Linux
HP,8,0,Intel,Intel Core i5,2.395,Windows
Lenovo,8,0,Intel,Intel Core i5,3.122,Windows
Dell,4,0,AMD,Intel Core i5,1.654,Windows
Fujitsu,8,0,Intel,Intel Core i5,1.703,Windows
HP,4,0,Intel,Intel Core i5,1.986,Windows
Lenovo,8,0,Nvidia,Intel Core i7,1.916,Windows
Mediacom,2,0,Intel,Intel Dual Core,0.509,Windows
Lenovo,4,0,Intel,Intel Core i5,0.997,Linux
Asus,6,1,Intel,Intel Core i5,1.362,Windows
Dell,8,0,Nvidia,Intel Core i7,3.879,Windows
Asus,16,0,Intel,Intel Core i7,4.049,Windows
Dell,16,0,Nvidia,Intel Core i7,3.152,Windows
Lenovo,4,0,Intel,Intel Core i5,1.767,Windows
Lenovo,4,0,Nvidia,Intel Core i3,1.234,Windows
Asus,8,0,Intel,Intel Dual Core,0.85,Windows
Asus,8,0,Nvidia,Intel Core i5,1.932,Windows
Dell,8,1,Intel,Intel Core i5,3.983,Windows
Lenovo,2,0,Intel,Intel Dual Core,0.531,Windows
Lenovo,8,1,Intel,Intel Core i7,3.745,Windows
Dell,16,1,Nvidia,Intel Core i7,5.113,Windows
Lenovo,8,0,Nvidia,Intel Core i7,2.364,Windows
HP,8,0,AMD,AMD Processor,1.11,Windows
Lenovo,16,0,Intel,Intel Core i7,5.221,Windows
Asus,8,0,Nvidia,Intel Core i7,2.491,Linux
Acer,4,0,Intel,Intel Core i3,0.959,Windows
Lenovo,4,0,Intel,Intel Dual Core,0.584,Windows
Acer,8,0,Intel,Intel Core i5,1.959,Windows
Razer,16,0,Nvidia,Intel Core i7,5.539,Windows
Toshiba,8,0,Intel,Intel Core i5,2.585,Windows
Lenovo,8,0,Intel,Intel Core i7,3.376,Windows
Asus,32,0,Nvidia,Intel Core i7,5.965,Windows
Acer,8,0,Nvidia,Intel Core i5,1.511,Linux
Dell,8,0,Intel,Intel Core i5,3.09,Windows
MSI,8,0,Nvidia,Intel Core i7,2.54,Windows
HP,4,0,Intel,Intel Core i3,0.778,Linux
Toshiba,8,0,Intel,Intel Core i5,2.268,Windows
Dell,8,0,AMD,Intel Core i7,1.959,Windows
Dell,16,0,AMD,Intel Core i7,2.419,Windows
Lenovo,8,0,Nvidia,Intel Core i7,2.549,Windows
Dell,32,0,Nvidia,Intel Core i7,6.708,Windows
Dell,8,0,Intel,Intel Core i5,2.619,Windows
Lenovo,4,0,Intel,Intel Dual Core,0.893,Windows
Lenovo,4,0,Intel,Intel Core i5,1.14,Windows
HP,6,0,AMD,Intel Core i3,1.149,Windows
MSI,8,0,Nvidia,Intel Core i7,3.169,Windows
Toshiba,4,0,Intel,Intel Core i3,1.061,Windows
Dell,8,0,Intel,Intel Core i5,2.035,Windows
HP,8,0,AMD,Intel Core i7,1.588,Windows
Toshiba,8,0,Intel,Intel Core i5,2.681,Windows
Acer,4,0,Intel,Intel Core i3,0.878,Linux
Microsoft,8,1,Intel,Intel Core i7,3.981,Windows
Lenovo,8,0,AMD,Intel Core i5,1.743,Windows
Lenovo,8,1,Intel,Intel Core i5,2.204,Windows
Lenovo,4,0,AMD,AMD Processor,0.744,Windows
HP,4,1,Nvidia,Intel Core i3,1.49,Windows
MSI,16,0,Nvidia,Intel Core i7,2.758,Windows
Asus,8,0,Intel,Intel Core i5,2.419,Windows
HP,8,1,Intel,Intel Dual Core,1.055,Linux
LG,8,0,Intel,Intel Core i7,4.9,Windows
Acer,16,0,Nvidia,Intel Core i5,2.768,Windows
MSI,8,0,Nvidia,Intel Core i5,2.127,Windows
Asus,4,0,Intel,Intel Dual Core,0.893,Windows
Dell,16,0,Nvidia,Intel Core i5,4.371,Windows
HP,4,0,AMD,Intel Core i3,1.49,Windows
Lenovo,8,1,Intel,Intel Core i7,3.195,Windows
Dell,16,0,Nvidia,Intel Core i7,5.997,Windows
HP,4,0,AMD,Intel Core i5,1.306,Windows
Dell,4,0,AMD,Intel Core i3,1.163,Windows
HP,6,0,AMD,AMD Processor,1.213,Windows
Lenovo,4,0,Intel,Intel Dual Core,0.678,Windows
Acer,4,0,Intel,Intel Dual Core,0.799,Linux
Lenovo,4,0,Intel,Intel Core i5,1.49,Windows
HP,8,0,Nvidia,Intel Core i7,4.066,Windows
Lenovo,8,1,Intel,Intel Core i7,5.52,Windows
Toshiba,8,0,Intel,Intel Core i5,2.074,Windows
Acer,4,0,Intel,Intel Dual Core,0.573,Windows
Lenovo,16,1,Intel,Intel Core i7,3.727,Windows
Asus,4,1,Intel,Intel Dual Core,1.426,Linux
Toshiba,16,1,Intel,Intel Core i7,4.0,Windows
HP,4,0,AMD,Intel Core i7,1.468,Windows
Dell,8,0,Nvidia,Intel Core i5,1.745,Windows
Lenovo,4,0,AMD,AMD Processor,0.85,Windows
Lenovo,8,0,AMD,AMD Processor,0.914,Windows
Lenovo,4,0,Intel,Intel Core i5,1.324,Windows
Lenovo,4,0,Intel,Intel Core i3,0.959,Linux
Dell,8,0,Intel,Intel Core i5,1.694,Windows
Acer,8,1,Intel,Intel Core i5,2.129,Windows
Lenovo,16,0,Nvidia,Intel Core i7,3.953,Windows
Lenovo,8,0,Intel,Intel Core i5,2.538,Windows
HP,6,0,AMD,AMD Processor,1.396,Windows
Lenovo,8,0,Nvidia,Intel Core i7,2.662,Windows
Dell,8,0,Nvidia,Intel Core i5,2.321,Linux
Dell,8,0,Intel,Intel Core i5,1.547,Linux
Asus,4,0,Intel,Intel Dual Core,0.635,Windows
Dell,16,0,Intel,Intel Core i5,3.04,Windows
Lenovo,8,0,Nvidia,Intel Core i5,1.827,Windows
Dell,8,0,Intel,Intel Core i5,2.513,Windows
Lenovo,4,0,AMD,AMD Processor,0.635,Windows
Mediacom,4,0,Intel,Intel Dual Core,0.565,Windows
HP,8,0,Nvidia,Intel Core i7,2.557,Windows
Lenovo,8,0,Intel,Intel Core i7,3.595,Windows
HP,8,1,Intel,Intel Core i5,1.783,Windows
Lenovo,8,0,Intel,Intel Core i5,3.195,Windows
Dell,32,0,Nvidia,Intel Core i7,7.799,Windows
MSI,8,0,Nvidia,Intel Core i7,2.874,Windows
Lenovo,4,0,Intel,Intel Core i5,1.044,Linux
Dell,8,0,AMD,Intel Core i5,1.532,Windows
Dell,4,1,Intel,Intel Core i3,1.383,Windows
Dell,8,0,AMD,Intel Core i5,1.256,Linux
HP,4,0,AMD,AMD Processor,1.042,Windows
Acer,16,0,Nvidia,Intel Core i7,4.124,Windows
Dell,12,0,Intel,Intel Core i5,1.383,Windows
HP,6,0,AMD,AMD Processor,1.385,Windows
Acer,4,0,Intel,Intel Core i5,1.191,Windows
Lenovo,8,0,Intel,Intel Core i5,2.046,Windows
Lenovo,4,0,Intel,Intel Core i7,1.66,Windows
HP,16,0,Nvidia,Intel Core i7,5.155,Windows
Dell,8,1,Intel,Intel Core i5,1.404,Windows
MSI,16,0,Nvidia,Intel Core i7,4.464,Windows
Acer,4,0,Intel,Intel Core i3,0.875,Windows
Dell,8,0,Nvidia,Intel Core i7,2.572,Windows
Dell,8,0,Intel,Intel Core i3,1.417,Windows
Toshiba,8,1,Intel,Intel Core i5,3.271,Windows
Lenovo,8,1,Intel,Intel Core i5,2.129,Windows
Lenovo,16,0,Nvidia,Intel Core i7,7.031,Windows
Acer,2,0,Intel,Intel Dual Core,0.703,Linux
Samsung,16,0,Intel,Intel Core i7,3.514,Windows
HP,8,0,Intel,Intel Core i3,1.149,Windows
Dell,8,0,Intel,Intel Core i5,2.401,Windows
HP,16,0,Nvidia,Intel Dual Core,9.354,Windows
Lenovo,4,1,Intel,Intel Dual Core,1.012,Windows
HP,8,0,Intel,Intel Core i5,4.049,Windows
Asus,4,0,Nvidia,Intel Core i5,1.234,Linux
Lenovo,4,0,Intel,Intel Core i5,2.336,Windows
Asus,4,0,Intel,Intel Core i7,1.811,Windows
Lenovo,8,1,Intel,Intel Core i5,2.555,Windows
HP,8,0,Nvidia,Intel Core i5,2.342,Windows
HP,8,0,Nvidia,Intel Core i7,3.327,Windows
Dell,16,0,Nvidia,Intel Core i7,6.114,Windows
Acer,4,0,Intel,Intel Core i5,1.277,Windows
Lenovo,8,0,Nvidia,Intel Core i7,2.233,Windows
Dell,16,0,Intel,Intel Core i7,3.962,Windows
Google,8,1,Intel,Intel Core i5,3.323,Linux
Asus,8,0,Intel,Intel Core i5,2.406,Windows
Dell,4,0,Intel,Intel Core i3,1.809,Windows
Acer,4,0,Intel,Intel Core i5,1.396,Windows
Asus,4,0,Nvidia,Intel Dual Core,1.002,Windows
Dell,16,1,Nvidia,Intel Core i7,2.342,Windows
Samsung,8,1,Intel,Intel Core i7,3.408,Windows
Acer,4,0,Intel,Intel Dual Core,0.635,Linux
Dell,16,0,AMD,Intel Core i7,2.518,Windows
Samsung,16,1,AMD,Intel Core i7,3.834,Windows
Toshiba,4,0,Intel,Intel Core i5,2.174,Windows
Dell,8,0,Nvidia,Intel Core i7,2.342,Windows
HP,4,0,Intel,Intel Core i5,2.651,Windows
Asus,12,1,Nvidia,Intel Core i7,1.788,Windows
Lenovo,16,0,Nvidia,Intel Core i7,5.051,Windows
Acer,4,0,Intel,Intel Core i3,1.355,Windows
Razer,16,0,Nvidia,Intel Core i7,6.178,Windows
Asus,8,0,Intel,Intel Dual Core,1.24,Windows
Dell,32,0,Nvidia,Intel Core i7,7.648,Windows
Asus,16,0,Nvidia,Intel Core i7,5.008,Windows
Toshiba,16,0,Nvidia,Intel Core i7,3.759,Windows
Lenovo,8,0,Intel,Intel Dual Core,0.701,Linux
Lenovo,16,0,Intel,Intel Core i7,4.9,Windows
MSI,16,0,Nvidia,Intel Core i7,4.03,Windows
MSI,8,0,Nvidia,Intel Core i5,2.321,Windows
Lenovo,4,0,Nvidia,Intel Core i7,2.129,Windows
Acer,16,0,Nvidia,Intel Core i7,4.9,Windows
Dell,8,0,Nvidia,Intel Core i5,2.099,Windows
Asus,8,0,Nvidia,Intel Core i7,2.854,Windows
Vero,4,0,Intel,Intel Dual Core,0.432,Windows
Lenovo,8,1,Intel,Intel Core i7,4.198,Windows
Lenovo,8,1,AMD,Intel Core i5,2.044,Windows
Apple,8,0,Intel,Intel Dual Core,2.483,Mac
Lenovo,8,1,Intel,Intel Core i5,4.966,Windows
Asus,4,0,Intel,Intel Dual Core,0.637,Windows
Dell,8,0,Intel,Intel Core i5,1.726,Windows
Lenovo,8,1,Intel,Intel Core i7,2.875,Windows
Dell,8,0,AMD,Intel Core i3,1.575,Windows
HP,8,0,Nvidia,Intel Core i7,4.401,Windows
Asus,8,0,Intel,Intel Core i5,2.342,Windows
Dell,8,0,Intel,Intel Core i5,3.195,Windows
Dell,8,1,Nvidia,Intel Core i5,3.727,Windows
Dell,4,0,Intel,Intel Dual Core,1.586,Windows
HP,8,0,Intel,Intel Core i5,2.96,Windows
Toshiba,4,0,Intel,Intel Core i5,1.662,Windows
HP,8,0,AMD,AMD Processor,1.341,Windows
Dell,16,0,Nvidia,Intel Core i7,3.578,Windows
Lenovo,4,0,Nvidia,Intel Core i5,1.298,Windows
HP,12,0,AMD,Intel Core i7,3.727,Windows
MSI,16,0,Nvidia,Intel Core i7,5.147,Windows
Samsung,8,0,Intel,Intel Core i5,3.195,Windows
Dell,8,0,Nvidia,Intel Core i7,2.048,Windows
Dell,8,0,AMD,Intel Core i5,1.683,Windows
Lenovo,8,0,Intel,Intel Core i7,3.962,Windows
Razer,16,1,Intel,Intel Core i7,3.834,Windows
HP,4,0,Intel,Intel Dual Core,0.821,Linux
Dell,16,0,Nvidia,Intel Core i7,5.339,Windows
Dell,4,0,Intel,Intel Core i5,1.609,Windows
Lenovo,4,0,Intel,Intel Core i3,1.044,Windows
Toshiba,4,0,Intel,Intel Core i5,2.323,Windows
Lenovo,8,0,Intel,Intel Core i7,5.326,Windows
MSI,8,0,Nvidia,Intel Core i5,2.555,Windows
Lenovo,8,0,Intel,Intel Core i5,3.996,Windows
Toshiba,4,0,Intel,Intel Dual Core,1.063,Windows
Asus,8,1,Intel,Intel Core i5,2.894,Windows
Dell,4,0,Intel,Intel Core i3,1.247,Windows
Acer,4,0,Intel,Intel Dual Core,0.757,Linux
Acer,8,0,Intel,Intel Core i3,1.319,Windows
Razer,32,1,Nvidia,Intel Core i7,11.719,Windows
Lenovo,16,0,Intel,Intel Core i7,4.473,Windows
Asus,4,0,Nvidia,Intel Core i5,1.106,Linux
Lenovo,8,0,Intel,Intel Core i5,2.528,Windows
Lenovo,8,0,Intel,Intel Core i5,3.516,Windows
Dell,16,0,Nvidia,Intel Core i7,5.913,Windows
Asus,16,0,Nvidia,Intel Core i7,5.155,Windows
Toshiba,4,0,Intel,Intel Core i3,1.426,Windows
Lenovo,4,0,Intel,Intel Dual Core,0.693,Linux
Asus,8,0,Intel,Intel Core i5,1.257,Windows
Asus,16,0,Nvidia,Intel Core i7,3.834,Windows
Dell,32,0,Nvidia,Intel Core i7,6.549,Windows
HP,8,0,Nvidia,Intel Core i5,1.939,Windows
Dell,8,0,Intel,Intel Core i5,1.522,Windows
HP,8,0,Intel,Intel Core i7,3.985,Windows
Dell,4,0,AMD,Intel Core i7,1.575,Windows
HP,4,1,Intel,Intel Dual Core,1.311,Linux
Asus,8,0,Nvidia,Intel Core i5,2.187,Windows
HP,8,1,Intel,Intel Core i5,4.853,Windows
HP,8,0,Intel,Intel Core i7,3.129,Windows
HP,4,0,Intel,Intel Dual Core,0.637,Linux
Asus,16,0,Nvidia,Intel Core i7,4.047,Windows
Dell,8,0,AMD,Intel Core i7,1.843,Linux
Lenovo,8,0,Nvidia,Intel Core i7,4.056,Windows
Asus,8,0,Nvidia,Intel Core i7,1.677,Windows
Dell,8,0,Intel,Intel Core i5,2.014,Windows
Asus,4,0,Intel,Intel Dual Core,0.957,Windows
HP,8,1,Intel,Intel Core i7,5.454,Windows
Dell,8,1,Intel,Intel Core i5,1.383,Windows
Lenovo,4,0,Intel,Intel Core i3,1.0,Linux
Lenovo,8,0,Intel,Intel Core i5,1.813,Windows
HP,8,0,AMD,Intel Core i5,2.875,Windows
Toshiba,4,0,Intel,Intel Core i5,2.739,Windows
Lenovo,8,0,Nvidia,Intel Core i5,2.167,Linux
Dell,16,1,Intel,Intel Core i7,4.774,Windows
HP,4,0,Intel,Intel Core i5,1.939,Windows
Toshiba,8,0,Intel,Intel Core i5,2.334,Windows
Lenovo,8,1,Intel,Intel Core i7,4.156,Windows
Acer,8,0,Intel,Intel Core i5,1.922,Windows
Dell,8,0,Nvidia,Intel Core i7,3.789,Windows
Lenovo,4,0,Intel,Intel Core i5,2.248,Windows
Lenovo,4,0,AMD,Intel Core i3,1.021,Linux
Toshiba,8,0,Intel,Intel Core i7,2.958,Windows
Lenovo,4,0,Intel,Intel Core i3,1.566,Windows
Samsung,16,0,Nvidia,Intel Core i7,3.941,Windows
Dell,8,0,Intel,Intel Core i7,3.602,Windows
Asus,4,0,Intel,Intel Dual Core,0.85,Linux
Xiaomi,8,0,Nvidia,Intel Core i5,1.993,Windows
Dell,4,0,Nvidia,Intel Core i5,1.945,Windows
HP,4,0,Intel,Intel Core i5,1.788,Windows
HP,4,1,Intel,Intel Core i5,3.623,Windows
HP,4,1,Intel,Intel Core i5,1.459,Windows
Asus,4,0,Intel,Intel Dual Core,0.742,Windows
Lenovo,8,0,Nvidia,Intel Core i7,1.426,Windows
Dell,4,0,Intel,Intel Dual Core,0.786,Windows
HP,4,1,Intel,Intel Core i5,3.834,Windows
Dell,4,0,AMD,Intel Core i3,0.971,Linux
Asus,12,0,Nvidia,Intel Core i5,2.92,Windows
Acer,4,0,Intel,Intel Dual Core,0.633,Linux
Lenovo,4,0,AMD,AMD Processor,0.808,Windows
HP,4,0,Intel,Intel Core i5,2.696,Windows
HP,16,1,Intel,Intel Core i7,2.982,Windows
Samsung,8,0,Intel,Intel Core i7,3.621,Windows
Lenovo,8,0,Intel,Intel Core i5,3.834,Windows
MSI,16,0,Nvidia,Intel Core i7,5.646,Windows
Toshiba,8,0,Intel,Intel Core i5,3.144,Windows
Dell,8,0,Nvidia,Intel Core i7,1.98,Linux
HP,8,0,Nvidia,Intel Core i7,1.918,Windows
Dell,4,0,AMD,Intel Core i3,1.309,Windows
Dell,8,0,Intel,Intel Core i5,1.993,Windows
Dell,8,1,Intel,Intel Core i7,4.29,Windows
Asus,32,0,Nvidia,Intel Core i7,2.726,Windows
Dell,16,1,Intel,Intel Core i7,3.514,Windows
Lenovo,8,0,Intel,Intel Core i7,4.367,Windows
Lenovo,8,0,Intel,Intel Core i5,4.184,Windows
LG,16,1,Intel,Intel Core i7,4.473,Windows
HP,8,0,Intel,Intel Core i7,3.161,Windows
Acer,4,0,Intel,Intel Dual Core,0.765,Linux
Lenovo,8,0,Nvidia,Intel Core i5,1.682,Windows
LG,8,1,Intel,Intel Core i7,4.047,Windows
Dell,8,0,Intel,Intel Core i5,2.568,Windows
HP,8,1,Intel,Intel Dual Core,6.607,Windows
Lenovo,6,0,Nvidia,Intel Core i7,1.682,Windows
HP,8,0,Nvidia,Intel Core i7,2.172,Windows
Acer,4,0,Intel,Intel Core i3,1.063,Windows
Lenovo,4,0,Intel,Intel Core i5,1.878,Windows
HP,8,0,Intel,Intel Core i5,2.046,Windows
MSI,16,0,Nvidia,Intel Core i7,3.408,Windows
Dell,16,0,Nvidia,Intel Core i7,2.875,Windows
MSI,8,0,Nvidia,Intel Core i5,2.387,Windows
Dell,4,0,AMD,Intel Core i5,1.46,Windows
HP,8,0,AMD,Intel Core i7,2.764,Windows
HP,8,1,Intel,Intel Core i7,2.449,Windows
Toshiba,16,0,Nvidia,Intel Core i7,4.209,Windows
Lenovo,8,1,Intel,Intel Core i5,3.889,Windows
Dell,4,0,Intel,Intel Core i5,1.556,Windows
Lenovo,8,0,Intel,Intel Core i7,3.516,Windows
HP,8,0,Intel,Intel Core i5,2.483,Windows
Dell,4,0,Intel,Intel Core i5,1.509,Windows
HP,4,0,Intel,Intel Core i5,2.449,Windows
Lenovo,4,0,Intel,Intel Dual Core,0.659,Windows
HP,4,0,Intel,Intel Core i5,3.365,Windows
HP,4,0,Intel,Intel Dual Core,0.616,Linux
Lenovo,16,1,Intel,Intel Core i7,3.834,Windows
Toshiba,4,0,Intel,Intel Core i5,2.355,Windows
HP,8,0,Intel,Intel Core i5,3.557,Windows
Dell,4,0,Intel,Intel Core i3,1.19,Windows
MSI,8,0,Nvidia,Intel Core i7,2.555,Windows
Dell,8,0,Intel,Intel Core i5,3.493,Windows
Dell,16,0,Nvidia,Intel Core i7,5.878,Windows
HP,8,0,Nvidia,Intel Core i5,2.982,Windows
Asus,4,0,Nvidia,Intel Dual Core,1.13,Windows
Acer,4,0,Intel,Intel Core i5,1.319,Windows
Toshiba,8,0,Intel,Intel Core i5,2.385,Windows
Lenovo,8,1,Intel,Intel Dual Core,2.768,Windows
Lenovo,16,0,AMD,AMD Processor,2.129,Windows
Dell,8,1,Intel,Intel Core i5,3.138,Windows
Lenovo,8,0,Nvidia,Intel Core i7,1.46,Linux
Dell,4,0,AMD,Intel Core i3,1.404,Windows
Acer,4,0,Intel,Intel Dual Core,0.744,Linux
HP,8,0,Nvidia,Intel Core i7,4.793,Windows
Dell,8,0,Intel,Intel Core i7,3.783,Windows
Toshiba,8,0,Intel,Intel Core i5,3.112,Windows
Asus,8,0,Intel,Intel Dual Core,2.47,Linux
Lenovo,8,0,Intel,Intel Core i7,3.173,Windows
Dell,16,0,Nvidia,Intel Core i7,6.722,Windows
Dell,8,1,Intel,Intel Core i5,4.047,Windows
HP,4,1,Intel,Intel Dual Core,1.652,Windows
Dell,8,0,Intel,Intel Core i7,2.702,Windows
Acer,4,1,Intel,Intel Dual Core,0.829,Linux
Toshiba,8,0,Intel,Intel Core i5,3.271,Windows
Lenovo,8,0,Intel,Intel Core i5,3.751,Windows
Acer,12,0,Nvidia,Intel Core i5,2.15,Windows
Toshiba,8,1,Intel,Intel Core i7,3.815,Windows
HP,8,0,Nvidia,Intel Core i5,1.804,Windows
Dell,4,0,AMD,Intel Core i3,0.992,Linux
Dell,4,0,Intel,Intel Core i5,1.758,Windows
HP,4,0,Intel,Intel Core i3,1.46,Windows
Dell,32,0,Nvidia,Intel Core i7,6.711,Windows
Lenovo,6,0,Nvidia,Intel Core i5,1.481,Windows
Dell,16,1,Intel,Intel Core i7,4.047,Windows
Dell,8,1,Intel,Intel Core i7,4.184,Windows
Dell,32,0,Nvidia,Intel Core i7,5.967,Windows
Toshiba,8,0,Intel,Intel Core i5,2.515,Windows
Asus,16,0,Nvidia,Intel Core i7,4.369,Windows
HP,8,0,Nvidia,Intel Core i5,2.086,Windows
Lenovo,4,0,Intel,Intel Core i5,2.135,Windows
Asus,16,1,Nvidia,Intel Core i7,3.834,Windows
HP,6,0,Intel,Intel Core i7,1.234,Windows
Asus,16,0,Nvidia,Intel Core i7,3.727,Windows
Dell,12,1,Intel,Intel Core i7,2.768,Windows
Toshiba,4,0,Intel,Intel Core i5,2.547,Windows
Lenovo,6,0,AMD,AMD Processor,1.17,Windows
Fujitsu,4,0,Intel,Intel Core i5,1.383,Windows
Toshiba,4,0,Intel,Intel Core i5,1.95,Windows
Dell,4,0,AMD,Intel Core i5,1.277,Windows
HP,8,0,Intel,Intel Core i5,1.718,Windows
Lenovo,8,0,Nvidia,Intel Core i7,2.534,Windows
Dell,8,0,AMD,Intel Core i7,1.596,Windows
Dell,8,0,Intel,Intel Core i5,2.385,Windows
HP,8,0,Intel,Intel Dual Core,4.066,Windows
HP,4,0,AMD,Intel Core i3,1.063,Windows
Lenovo,4,0,Intel,Intel Dual Core,0.577,Linux
Lenovo,8,0,Intel,Intel Core i5,2.875,Windows
Dell,8,1,Intel,Intel Core i5,1.895,Windows
Asus,8,0,Intel,Intel Core i5,2.451,Windows
HP,8,1,Intel,Intel Core i7,2.875,Windows
Acer,4,0,Intel,Intel Dual Core,0.81,Windows
Asus,16,0,Nvidia,Intel Core i7,3.834,Windows
HP,8,0,Intel,Intel Core i7,4.452,Windows
Acer,8,0,Nvidia,Intel Core i7,2.685,Windows
HP,8,0,Intel,Intel Core i5,2.534,Windows
Dell,4,0,Intel,Intel Core i3,1.166,Windows
HP,4,0,Intel,Intel Core i5,1.66,Windows
Toshiba,4,0,Intel,Intel Core i5,2.547,Windows
HP,4,0,Intel,Intel Core i5,2.344,Windows
HP,4,0,Intel,Intel Core i5,2.568,Windows
HP,8,0,Intel,Intel Core i7,3.088,Windows
HP,8,0,Nvidia,Intel Core i5,2.236,Windows
HP,4,0,Intel,Intel Core i3,1.458,Windows
Dell,8,0,Nvidia,Intel Core i5,2.023,Windows
HP,4,0,Intel,Intel Core i5,3.28,Windows
HP,4,0,Intel,Intel Core i5,3.389,Windows
HP,8,0,Intel,Intel Core i7,4.022,Windows
HP,4,0,Intel,Intel Core i3,1.705,Windows
Toshiba,8,0,Intel,Intel Core i5,2.579,Windows
HP,4,0,Intel,Intel Core i3,1.641,Windows
Lenovo,16,0,Nvidia,Intel Core i7,6.325,Windows
Toshiba,8,0,Intel,Intel Core i5,3.175,Windows
HP,8,0,Intel,Intel Core i7,4.75,Windows
Dell,4,1,Intel,Intel Core i3,1.696,Windows
Toshiba,8,0,Intel,Intel Core i5,3.389,Windows
HP,8,0,Intel,Intel Core i5,2.449,Windows
HP,8,0,Nvidia,Intel Core i7,2.526,Windows
Dell,8,0,Intel,Intel Core i5,2.23,Windows
HP,4,0,Intel,Intel Core i5,3.323,Windows
HP,4,0,Intel,Intel Core i5,2.534,Windows
HP,4,0,Intel,Intel Core i5,2.259,Windows
Dell,8,1,Intel,Intel Core i5,3.461,Windows
HP,8,0,Nvidia,Intel Core i5,2.302,Windows
HP,4,0,Intel,Intel Core i5,2.074,Windows
Acer,6,0,AMD,AMD Processor,0.872,Windows
MSI,8,0,Nvidia,Intel Core i7,2.54,Windows
HP,8,0,Intel,Intel Core i5,2.547,Windows
HP,8,0,Intel,Intel Core i7,2.619,Windows
HP,8,0,Intel,Intel Core i7,2.875,Windows
HP,4,0,Intel,Intel Core i5,1.581,Windows
Toshiba,8,0,Intel,Intel Core i7,3.676,Windows
Dell,8,0,Intel,Intel Core i5,2.265,Windows
HP,8,0,Intel,Intel Core i5,2.154,Windows
Lenovo,4,1,Intel,Intel Core i7,1.805,Windows
Vero,2,0,Intel,Intel Dual Core,0.449,Windows
Toshiba,16,0,Nvidia,Intel Core i7,3.037,Windows
Lenovo,8,0,Intel,Intel Core i5,2.237,Windows
HP,4,0,Intel,Intel Core i5,2.131,Windows
HP,8,0,Intel,Intel Core i5,4.483,Windows
HP,8,0,Intel,Intel Core i5,3.131,Windows
MSI,16,0,Nvidia,Intel Core i7,3.294,Windows
Lenovo,16,0,Nvidia,Intel Core i7,4.88,Windows
Asus,4,0,Intel,Intel Dual Core,0.614,Linux
Lenovo,16,0,Intel,Intel Core i7,5.584,Windows
HP,8,0,Nvidia,Intel Core i7,2.086,Windows
Dell,8,1,Intel,Intel Core i5,2.332,Windows
HP,4,0,Intel,Intel Core i5,2.086,Windows
Dell,16,1,Intel,Intel Core i7,4.804,Windows
HP,4,0,Intel,Intel Core i3,1.503,Windows
HP,4,0,Intel,Intel Core i5,1.063,Linux
Acer,8,0,AMD,AMD Processor,0.957,Windows
Dell,12,1,Intel,Intel Core i7,2.768,Windows
MSI,16,0,Nvidia,Intel Core i7,3.877,Windows
HP,8,0,Intel,Intel Core i7,2.28,Windows
Asus,16,0,Nvidia,Intel Core i7,2.127,Linux
Dell,4,0,Intel,Intel Core i5,1.191,Windows
Dell,16,0,AMD,Intel Core i7,2.11,Windows
MSI,16,0,Nvidia,Intel Core i7,4.111,Windows
Dell,8,0,Intel,Intel Core i7,3.107,Windows
Dell,8,1,Intel,Intel Core i7,1.701,Windows
Dell,16,0,Nvidia,Intel Core i7,2.832,Windows
Apple,8,0,Intel,Intel Dual Core,2.771,Mac
Dell,4,0,Intel,Intel Core i3,1.027,Windows
HP,4,0,Intel,Intel Core i5,2.555,Windows
HP,8,0,Intel,Intel Core i5,2.555,Windows
HP,8,0,Intel,Intel Core i7,2.323,Windows
Lenovo,8,1,Intel,Intel Core i7,3.652,Windows
Lenovo,8,0,AMD,Intel Core i5,1.404,Windows
Lenovo,4,0,Nvidia,Intel Core i5,2.082,Windows
MSI,16,0,Nvidia,Intel Core i7,5.326,Windows
Lenovo,4,0,Intel,Intel Core i5,1.151,Windows
HP,4,0,Intel,Intel Core i5,2.003,Windows
Lenovo,8,1,Intel,Intel Dual Core,2.982,Windows
Lenovo,32,0,Nvidia,Intel Core i7,6.905,Windows
Lenovo,4,1,Intel,Intel Dual Core,1.377,Windows
HP,16,0,Intel,Intel Core i7,4.367,Windows
Dell,8,0,Intel,Intel Core i5,1.598,Windows
HP,4,0,Intel,Intel Core i5,2.197,Windows
HP,8,0,AMD,Intel Core i7,3.186,Windows
Lenovo,8,0,Intel,Intel Core i5,2.555,Windows
HP,4,0,Intel,Intel Dual Core,1.311,Linux
Acer,4,0,AMD,AMD Processor,0.825,Windows
Dell,4,0,Intel,Intel Dual Core,0.839,Linux
HP,4,0,Intel,Intel Core i3,0.737,Linux
Asus,8,0,Nvidia,Intel Core i7,3.408,Windows
Dell,4,0,AMD,Intel Core i5,1.744,Windows
HP,4,0,Intel,Intel Core i5,3.408,Windows
Acer,8,0,Nvidia,Intel Core i5,1.703,Windows
Dell,8,0,AMD,Intel Core i5,1.361,Windows
MSI,8,0,Nvidia,Intel Core i7,3.408,Windows
HP,4,0,Intel,Intel Dual Core,1.066,Windows
Asus,16,0,Nvidia,Intel Core i7,4.9,Windows
Dell,4,0,Intel,Intel Core i3,2.419,Windows
Dell,4,0,Intel,Intel Core i3,2.487,Windows
Acer,4,0,Intel,Intel Dual Core,0.445,Linux
HP,8,0,AMD,Intel Core i7,6.178,Windows
Lenovo,16,0,Nvidia,Intel Core i7,2.555,Windows
Dell,8,0,Intel,Intel Core i5,3.012,Windows
MSI,8,0,Nvidia,Intel Core i7,3.221,Windows
Lenovo,4,1,Intel,Intel Core i5,1.848,Windows
HP,4,0,AMD,AMD Processor,0.848,Windows
Asus,16,0,Nvidia,Intel Core i7,2.854,Windows
HP,8,1,Intel,Intel Dual Core,3.621,Windows
Dell,4,0,AMD,Intel Core i5,1.639,Windows
Lenovo,4,0,Intel,Intel Core i3,0.914,Windows
HP,8,0,Intel,Intel Core i7,4.196,Windows
Lenovo,4,1,Intel,Intel Dual Core,1.17,Linux
Dell,8,0,Intel,Intel Core i7,2.939,Windows
Lenovo,16,0,Nvidia,Intel Core i7,5.861,Windows
Razer,8,1,Intel,Intel Core i7,2.193,Windows
Toshiba,16,0,Intel,Intel Core i7,4.744,Windows
Asus,8,0,Nvidia,Intel Core i7,2.797,Windows
Vero,4,0,Intel,Intel Dual Core,0.418,Windows
HP,8,0,Intel,Intel Core i5,3.602,Windows
HP,8,0,Intel,Intel Core i5,3.225,Windows
Dell,4,0,Intel,Intel Core i5,1.116,Linux
Asus,4,0,Intel,Intel Core i3,0.927,Windows
Lenovo,8,1,Intel,Intel Core i7,3.557,Windows
Lenovo,4,1,Intel,Intel Dual Core,1.021,Windows
HP,8,0,Intel,Intel Core i5,4.039,Windows
Lenovo,8,0,Nvidia,Intel Core i5,2.108,Linux
HP,8,0,Nvidia,Intel Core i5,2.406,Windows
HP,8,0,Intel,Intel Core i7,1.341,Windows
Lenovo,8,1,Nvidia,Intel Core i7,4.37,Windows
Asus,4,0,Intel,Intel Dual Core,0.592,Windows
HP,8,0,Intel,Intel Core i7,1.603,Windows
Acer,4,0,Nvidia,Intel Core i5,1.313,Windows
Lenovo,16,0,AMD,Intel Core i7,2.342,Windows
HP,8,0,Nvidia,Intel Core i7,8.417,Windows
Dell,8,0,AMD,Intel Core i5,1.671,Windows
MSI,16,0,Nvidia,Intel Core i7,5.113,Windows
HP,8,0,Intel,Intel Core i7,4.628,Windows
Lenovo,16,1,Intel,Intel Core i7,5.2,Windows
MSI,8,0,Nvidia,Intel Core i7,2.436,Windows
HP,8,1,Intel,Intel Core i5,3.472,Windows
HP,8,0,Nvidia,Intel Core i7,4.75,Windows
HP,8,1,Intel,Intel Core i7,3.834,Windows
HP,8,0,Nvidia,Intel Core i7,4.047,Windows
HP,8,0,Intel,Intel Core i7,4.895,Windows
Dell,8,0,Nvidia,Intel Core i7,2.152,Windows
HP,8,0,Intel,Intel Core i5,3.365,Windows
Lenovo,8,1,Intel,Intel Core i7,4.985,Windows
Lenovo,4,0,Intel,Intel Core i3,0.722,Linux
HP,4,0,AMD,AMD Processor,0.633,Windows
Lenovo,8,0,AMD,Intel Core i5,1.277,Linux
Dell,8,0,Nvidia,Intel Core i7,2.555,Windows
Dell,8,1,Nvidia,Intel Core i5,4.797,Windows
HP,4,0,AMD,AMD Processor,1.021,Windows
MSI,16,0,Nvidia,Intel Core i7,3.181,Windows
Lenovo,12,0,Intel,Intel Core i7,4.9,Windows
Lenovo,8,0,AMD,Intel Core i5,1.68,Windows
HP,8,1,Intel,Intel Core i7,4.35,Windows
Lenovo,8,0,Intel,Intel Core i7,3.195,Windows
MSI,16,0,Nvidia,Intel Core i7,3.77,Windows
HP,8,0,Nvidia,Intel Core i7,1.916,Windows
Lenovo,8,0,Intel,Intel Core i3,0.978,Windows
HP,4,0,Intel,Intel Core i5,1.017,Linux
Dell,8,0,Nvidia,Intel Core i7,3.193,Windows
Lenovo,8,0,Intel,Intel Core i5,2.962,Windows
Lenovo,4,0,Nvidia,Intel Core i3,0.997,Windows
HP,2,0,Intel,Intel Dual Core,0.531,Windows
MSI,8,0,Nvidia,Intel Core i7,1.788,Windows
HP,8,0,Intel,Intel Core i7,1.447,Windows
HP,16,0,Intel,Intel Core i7,2.47,Windows
Asus,4,0,Intel,Intel Dual Core,0.786,Windows
Lenovo,4,0,Intel,Intel Core i5,0.848,Linux
Lenovo,8,0,Nvidia,Intel Core i7,1.511,Linux
Asus,4,0,Intel,Intel Core i3,1.639,Windows
Lenovo,4,0,Intel,Intel Core i7,1.758,Windows
Lenovo,16,0,Nvidia,Intel Core i7,2.781,Windows
MSI,16,0,Nvidia,Intel Core i7,4.589,Windows
HP,4,0,Intel,Intel Core i3,1.385,Windows
Lenovo,8,1,Intel,Intel Core i5,3.489,Windows
Lenovo,6,0,Nvidia,Intel Core i7,1.771,Windows
Dell,8,0,Nvidia,Intel Core i7,1.907,Linux
Acer,4,0,Intel,Intel Dual Core,0.71,Windows
HP,6,0,Nvidia,Intel Core i7,1.703,Windows
Asus,8,0,Nvidia,Intel Core i7,1.937,Windows
Dell,16,1,Intel,Intel Core i7,2.513,Windows
Acer,4,0,Nvidia,Intel Core i5,1.473,Windows
Dell,8,1,Intel,Intel Core i5,2.342,Linux
Acer,16,0,Nvidia,Intel Core i7,5.539,Windows
Lenovo,8,0,Nvidia,Intel Core i5,1.745,Windows
HP,4,0,Intel,Intel Core i5,1.034,Windows
Apple,8,0,Intel,Intel Dual Core,2.479,Mac
Dell,8,1,Intel,Intel Core i5,2.555,Windows
HP,12,0,Nvidia,Intel Core i7,2.828,Windows
Lenovo,4,0,AMD,Intel Core i3,0.784,Linux
Asus,16,0,Nvidia,Intel Core i7,4.582,Windows
Acer,4,0,Intel,Intel Dual Core,0.58,Linux
MSI,16,0,Nvidia,Intel Core i7,4.367,Windows
Dell,4,0,AMD,Intel Core i3,1.063,Windows
Lenovo,8,0,Nvidia,Intel Core i7,1.341,Linux
Dell,16,1,Intel,Intel Core i7,2.739,Windows
Dell,16,1,Intel,Intel Core i7,5.712,Windows
Asus,8,0,Nvidia,Intel Core i7,2.491,Windows
Dell,8,0,AMD,Intel Core i5,1.895,Windows
HP,8,0,Intel,Intel Core i5,1.234,Windows
Lenovo,4,0,AMD,AMD Processor,0.637,Windows
Acer,8,0,Nvidia,Intel Core i3,1.341,Windows
Asus,16,0,Nvidia,Intel Core i7,5.219,Windows
Apple,8,0,Intel,Intel Dual Core,2.726,Mac
Asus,16,0,Nvidia,Intel Core i7,3.727,Windows
MSI,16,0,Nvidia,Intel Core i7,4.154,Windows
Dell,8,1,Intel,Intel Core i5,2.129,Windows
Asus,16,0,Nvidia,Intel Core i7,4.154,Windows
Acer,2,0,Intel,Intel Dual Core,0.371,Linux
Acer,4,0,Nvidia,Intel Core i3,1.274,Windows
Lenovo,8,0,Intel,Intel Core i5,1.149,Linux
Lenovo,8,0,Nvidia,Intel Core i7,2.711,Windows
Acer,8,1,Intel,Intel Core i7,2.449,Windows
Lenovo,8,0,Intel,Intel Core i7,3.259,Windows
MSI,8,0,Nvidia,Intel Core i7,3.146,Windows
HP,6,0,AMD,AMD Processor,1.127,Windows
Dell,8,1,Intel,Intel Core i5,3.652,Windows
Dell,4,1,Intel,Intel Core i3,1.085,Windows
Asus,4,0,Intel,Intel Dual Core,0.659,Windows
Dell,8,1,Intel,Intel Core i7,3.148,Windows
Dell,4,0,Intel,Intel Core i5,1.112,Linux
Lenovo,16,1,Nvidia,Intel Core i7,2.193,Windows
MSI,8,0,Nvidia,Intel Core i7,2.449,Windows
Lenovo,16,1,Intel,Intel Core i7,3.516,Windows
Razer,16,0,Nvidia,Intel Core i7,7.457,Windows
Dell,8,1,Intel,Intel Core i3,1.0,Windows
MSI,16,0,Nvidia,Intel Core i7,3.406,Windows
Apple,4,0,Intel,Intel Core i5,2.044,Mac
HP,4,0,Intel,Intel Core i3,1.019,Windows
HP,8,0,Intel,Intel Core i7,4.685,Windows
Dell,4,0,Intel,Intel Core i5,1.571,Windows
MSI,8,0,Nvidia,Intel Core i7,2.491,Windows
Lenovo,16,0,Intel,Intel Core i7,3.195,Windows
Lenovo,6,0,AMD,AMD Processor,1.274,Windows
Asus,8,0,Intel,Intel Core i7,2.728,Windows
Acer,4,0,Intel,Intel Core i3,0.771,Linux
Dell,16,1,Nvidia,Intel Core i7,3.834,Windows
HP,4,0,Intel,Intel Core i5,2.344,Windows
Asus,16,0,Nvidia,Intel Core i7,3.41,Windows
Dell,4,0,Intel,Intel Core i5,1.865,Windows
Asus,16,0,Nvidia,Intel Core i7,4.955,Windows
Lenovo,8,0,Intel,Intel Core i5,1.221,Linux
Dell,8,1,Intel,Intel Core i5,3.864,Windows
Dell,4,0,Intel,Intel Dual Core,0.691,Linux
HP,4,0,AMD,AMD Processor,0.85,Windows
Lenovo,6,0,Nvidia,Intel Core i3,1.213,Windows
Lenovo,8,0,Intel,Intel Core i5,2.285,Windows
Dell,4,0,Intel,Intel Dual Core,0.946,Windows
Asus,4,0,Intel,Intel Dual Core,0.722,Windows
Asus,16,0,Nvidia,Intel Core i7,4.049,Windows
Dell,4,0,Intel,Intel Core i3,1.044,Windows
Lenovo,8,0,AMD,Intel Core i7,1.907,Windows
MSI,8,0,Nvidia,Intel Core i7,2.619,Windows
Lenovo,4,1,Intel,Intel Core i5,1.775,Windows
Asus,8,0,Intel,Intel Dual Core,1.554,Windows
Dell,6,0,Intel,Intel Core i3,0.978,Windows
Acer,4,0,Intel,Intel Dual Core,0.616,Linux
Dell,2,0,Intel,Intel Dual Core,0.808,Windows
Lenovo,8,0,Nvidia,Intel Core i7,1.916,Windows
HP,6,0,AMD,AMD Processor,1.172,Windows
Dell,8,0,AMD,Intel Core i7,1.718,Linux
HP,2,0,Intel,Intel Dual Core,0.445,Windows
Asus,4,0,Nvidia,Intel Core i7,1.535,Windows
Lenovo,4,1,Intel,Intel Core i7,1.36,Windows
Lenovo,16,1,Intel,Intel Core i7,3.195,Windows
Lenovo,2,0,Intel,Intel Dual Core,0.488,Windows
HP,6,0,AMD,Intel Core i7,1.628,Windows
Asus,4,0,Intel,Intel Dual Core,0.786,Windows
Asus,8,0,Intel,Intel Dual Core,1.554,Windows
Dell,6,0,Intel,Intel Core i3,0.978,Windows
Acer,4,0,Intel,Intel Dual Core,0.616,Linux
Dell,2,0,Intel,Intel Dual Core,0.808,Windows
Lenovo,8,0,Nvidia,Intel Core i7,1.916,Windows
HP,6,0,AMD,AMD Processor,1.172,Windows
Dell,8,0,AMD,Intel Core i7,1.718,Linux
HP,2,0,Intel,Intel Dual Core,0.445,Windows
Asus,4,0,Nvidia,Intel Core i7,1.535,Windows
Lenovo,4,1,Intel,Intel Core i7,1.36,Windows
Lenovo,16,1,Intel,Intel Core i7,3.195,Windows
Lenovo,2,0,Intel,Intel Dual Core,0.488,Windows
HP,6,0,AMD,Intel Core i7,1.628,Windows
Asus,4,0,Intel,Intel Dual Core,0.786,Windows
Asus,8,0,Intel,Intel Dual Core,1.554,Windows
Dell,6,0,Intel,Intel Core i3,0.978,Windows
Acer,4,0,Intel,Intel Dual Core,0.616,Linux
Dell,2,0,Intel,Intel Dual Core,0.808,Windows
Lenovo,8,0,Nvidia,Intel Core i7,1.916,Windows
HP,6,0,AMD,AMD Processor,1.172,Windows
Dell,8,0,AMD,Intel Core i7,1.718,Linux
HP,2,0,Intel,Intel Dual Core,0.445,Windows
Asus,4,0,Nvidia,Intel Core i7,1.535,Windows
Lenovo,4,1,Intel,Intel Core i7,1.36,Windows
Lenovo,16,1,Intel,Intel Core i7,3.195,Windows
Lenovo,2,0,Intel,Intel Dual Core,0.488,Windows
HP,6,0,AMD,Intel Core i7,1.628,Windows
Asus,4,0,Intel,Intel Dual Core,0.786,Windows
