M,G,MD,W,AI,S,O,P,os,Company,Touchscreen,Cpu_brand,Ram,Gpu_brand
1,0,0,0,0,1,1,2.855,Mac,Apple,0,Intel Core i5,8,Intel
1,0,0,0,0,1,1,1.916,Mac,Apple,0,Intel Core i5,8,Intel
1,0,0,0,0,1,1,1.225,Linux,HP,0,Intel Core i5,8,Intel
1,1,1,1,1,0,0,5.408,Mac,Apple,0,Intel Core i7,16,AMD
1,0,0,0,0,1,1,3.844,Mac,Apple,0,Intel Core i5,8,Intel
0,0,0,0,0,0,0,0.852,Windows,Acer,0,AMD Processor,4,AMD
1,0,0,1,1,1,1,4.561,Mac,Apple,0,Intel Core i7,16,Intel
1,0,0,0,0,1,1,2.469,Mac,Apple,0,Intel Core i5,8,Intel
1,1,1,1,1,0,0,3.186,Windows,Asus,0,Intel Core i7,16,Nvidia
1,0,0,0,0,1,1,1.641,Windows,Acer,0,Intel Core i5,8,Intel
1,0,0,0,0,1,1,0.839,Linux,HP,0,Intel Core i5,4,Intel
1,0,0,0,0,1,1,0.735,Linux,HP,0,Intel Core i3,4,Intel
1,1,1,1,1,0,0,5.2,Mac,Apple,0,Intel Core i7,16,AMD
1,0,0,0,0,1,1,1.063,Windows,Dell,0,Intel Core i3,4,AMD
1,0,0,0,0,1,1,2.69,Mac,Apple,0,Intel Dual Core,8,Intel
1,0,0,0,0,1,1,3.236,Mac,Apple,0,Intel Core i5,8,Intel
1,0,0,0,1,0,0,1.588,Windows,Dell,0,Intel Core i7,8,AMD
1,1,1,1,1,0,0,6.091,Mac,Apple,0,Intel Core i7,16,AMD
1,0,0,0,0,1,1,1.063,Linux,Lenovo,0,Intel Core i3,8,Nvidia
1,0,0,0,0,1,1,2.086,Windows,Dell,1,Intel Core i5,8,Intel
1,0,0,0,0,1,1,0.409,Windows,Asus,0,Intel Dual Core,2,Intel
0,0,0,0,0,0,0,2.129,Windows,Lenovo,0,Intel Core i5,8,Nvidia
0,0,0,0,0,0,0,0.55,Linux,HP,0,AMD Processor,4,AMD
1,0,0,0,0,1,1,1.745,Windows,Dell,1,Intel Core i5,8,Intel
1,0,0,0,1,1,1,1.404,Windows,HP,0,Intel Core i7,8,Intel
1,0,0,0,0,1,1,0.892,Windows,Dell,0,Intel Core i3,4,Intel
1,0,0,0,0,1,1,2.342,Mac,Apple,0,Intel Core i5,8,Intel
0,0,0,0,0,0,0,1.705,Windows,Dell,0,Intel Core i5,8,AMD
1,0,0,0,1,1,1,2.766,Windows,Dell,0,Intel Core i7,8,Intel
0,0,0,0,0,0,0,1.91,Windows,HP,0,Intel Core i5,8,Nvidia
1,0,0,0,0,1,1,0.522,Windows,Chuwi,0,Intel Dual Core,4,Intel
0,0,0,0,0,0,0,0.424,Windows,Asus,0,AMD Processor,2,AMD
0,0,0,0,0,0,0,0.936,Windows,HP,0,AMD Processor,4,AMD
1,0,0,1,1,1,1,3.983,Windows,Dell,1,Intel Core i7,16,Intel
1,0,0,0,0,1,1,2.127,Mac,Apple,0,Intel Core i5,8,Intel
1,0,0,0,0,1,1,0.531,Windows,Lenovo,0,Intel Dual Core,4,Intel
1,0,0,0,0,1,1,0.782,Linux,Acer,0,Intel Core i3,4,Intel
0,0,0,0,0,0,0,2.086,Windows,Dell,0,Intel Core i5,8,AMD
1,0,0,0,0,1,1,1.041,Windows,HP,0,Intel Core i5,4,Intel
0,0,0,0,0,0,0,1.873,Windows,HP,0,Intel Core i5,8,Nvidia
1,0,0,0,0,1,1,0.829,Linux,Asus,0,Intel Core i3,4,Intel
1,1,1,1,1,0,0,3.195,Windows,Dell,0,Intel Core i7,16,Nvidia
0,0,0,0,0,0,0,1.115,Linux,Asus,0,Intel Core i5,8,Nvidia
1,0,0,0,0,1,1,1.453,Windows,Acer,0,Intel Core i5,4,Intel
0,0,0,0,0,0,0,2.129,Windows,Dell,1,Intel Core i5,12,Nvidia
1,0,0,0,0,1,1,3.024,Mac,Apple,0,Intel Core i5,8,Intel
1,0,0,0,0,1,1,0.786,Linux,Lenovo,0,Intel Core i3,4,Intel
0,0,0,0,0,0,0,2.768,Windows,Asus,0,AMD Processor,8,AMD
0,0,0,0,0,0,0,1.362,Windows,Dell,0,Intel Core i5,4,AMD
0,0,0,0,0,0,0,0.993,Windows,Asus,0,Intel Dual Core,4,Nvidia
1,0,0,0,0,1,1,0.68,Linux,Lenovo,1,Intel Dual Core,4,Intel
1,0,0,0,1,0,0,1.792,Windows,Acer,0,Intel Core i7,8,Nvidia
0,0,0,0,0,0,0,0.849,Windows,HP,0,AMD Processor,4,AMD
1,0,0,0,1,1,1,2.351,Windows,HP,0,Intel Core i7,8,Intel
1,0,0,0,0,1,1,0.818,Windows,Acer,0,Intel Core i3,4,Intel
1,0,0,0,1,0,0,1.636,Windows,Dell,0,Intel Core i7,8,AMD
1,0,0,0,0,1,1,0.936,Windows,HP,0,Intel Core i3,4,Intel
1,0,0,0,0,1,1,1.249,Windows,Asus,0,Intel Core i5,4,Intel
1,1,1,1,1,0,0,5.219,Windows,MSI,0,Intel Core i7,16,Nvidia
1,0,0,0,0,1,1,0.884,Linux,Asus,0,Intel Core i3,4,Intel
1,1,1,1,1,0,0,2.768,Windows,Dell,0,Intel Core i7,16,AMD
1,0,0,0,0,1,1,1.873,Windows,Dell,0,Intel Core i5,8,Intel
1,0,0,0,0,1,1,1.277,Linux,Lenovo,0,Intel Core i3,8,Intel
1,0,0,0,0,1,1,2.005,Windows,Asus,0,Intel Core i5,8,Intel
1,0,0,0,0,1,1,1.471,Windows,HP,0,Intel Core i5,8,Intel
1,1,1,1,1,0,0,4.226,Windows,Asus,0,Intel Core i7,16,Nvidia
1,0,0,0,0,1,1,0.935,Windows,HP,0,Intel Core i3,4,AMD
1,0,0,0,0,1,1,0.488,Windows,HP,0,Intel Dual Core,4,Intel
1,0,0,0,0,1,1,1.17,Windows,Lenovo,0,Intel Core i5,4,Intel
1,0,0,0,1,0,0,2.023,Linux,Asus,0,Intel Core i7,12,Nvidia
1,0,0,0,0,1,1,2.321,Windows,Microsoft,1,Intel Core i5,4,Intel
1,0,0,0,1,0,0,2.035,Windows,Dell,0,Intel Core i7,8,AMD
1,0,0,0,1,0,0,1.854,Windows,Dell,0,Intel Core i7,8,AMD
0,0,0,0,0,0,0,2.334,Windows,MSI,0,Intel Core i5,8,Nvidia
1,0,0,0,0,1,1,0.829,Windows,Acer,0,Intel Core i3,8,Intel
1,0,0,0,1,0,0,2.023,Windows,Asus,0,Intel Core i7,8,Nvidia
1,0,0,0,0,1,1,1.106,Linux,Lenovo,0,Intel Core i5,8,Intel
1,0,0,0,1,1,1,1.822,Windows,Dell,0,Intel Core i7,8,Intel
1,0,0,0,0,1,1,1.13,Windows,Acer,0,Intel Core i3,4,Nvidia
0,0,0,0,0,0,0,2.082,Windows,HP,0,Intel Core i5,8,Nvidia
1,0,0,0,0,1,1,2.336,Windows,Dell,0,Intel Core i5,8,Intel
1,0,0,0,0,1,1,3.218,Mac,Apple,0,Intel Core i5,8,Intel
1,0,0,0,0,1,1,1.833,Windows,HP,0,Intel Core i5,8,Intel
0,0,0,0,0,0,0,0.85,Windows,Lenovo,0,AMD Processor,4,AMD
0,0,0,0,0,0,0,0.842,Windows,Acer,0,AMD Processor,4,AMD
1,1,1,1,1,0,0,2.875,Windows,Dell,0,Intel Core i7,16,Nvidia
1,0,0,0,1,0,0,1.49,Windows,HP,0,Intel Core i7,8,Nvidia
1,0,0,0,0,1,1,1.277,Windows,HP,0,Intel Core i5,8,Intel
1,1,1,1,1,0,0,3.088,Windows,Asus,0,Intel Core i7,16,Nvidia
1,0,0,0,1,1,1,3.514,Windows,Dell,0,Intel Core i7,8,Intel
0,0,0,0,0,0,0,1.49,Windows,Asus,0,AMD Processor,8,AMD
1,0,0,0,1,0,0,1.468,Windows,Acer,0,Intel Core i7,8,Nvidia
1,0,0,1,1,1,1,2.551,Windows,HP,0,Intel Core i7,16,Intel
0,0,0,0,0,0,0,2.547,Windows,Dell,0,Intel Core i5,8,Nvidia
1,0,0,0,1,1,1,2.236,Windows,Asus,0,Intel Core i7,8,Intel
1,0,0,0,0,1,1,1.805,Windows,Acer,1,Intel Core i5,8,Intel
1,0,0,0,1,0,0,1.279,Linux,Dell,0,Intel Core i7,8,AMD
1,0,0,0,0,1,1,1.034,Linux,Dell,0,Intel Core i3,4,AMD
1,0,0,0,0,1,1,1.23,Windows,Asus,0,Intel Core i3,6,Nvidia
1,0,0,0,1,0,0,2.662,Windows,HP,0,Intel Core i7,12,Nvidia
1,0,0,0,1,0,0,1.532,Windows,HP,0,Intel Core i7,8,AMD
0,0,0,0,0,0,0,0.744,Windows,HP,0,AMD Processor,4,AMD
0,0,0,0,0,0,0,1.379,Linux,Dell,0,Intel Core i5,8,AMD
1,0,0,0,1,0,0,2.385,Windows,HP,0,Intel Core i7,8,Nvidia
1,0,0,0,0,1,1,2.856,Windows,Microsoft,1,Intel Core i5,8,Intel
0,0,0,0,0,0,0,1.404,Windows,HP,0,Intel Core i5,6,Nvidia
1,0,0,0,0,1,1,0.884,Windows,Lenovo,0,Intel Core i3,4,Intel
1,0,0,0,1,0,0,2.543,Windows,Asus,0,Intel Core i7,8,Nvidia
1,1,1,1,1,0,0,2.768,Windows,MSI,0,Intel Core i7,16,Nvidia
1,0,0,0,1,1,1,3.154,Windows,Lenovo,0,Intel Core i7,8,Intel
1,1,1,1,1,0,0,2.69,Windows,Asus,0,Intel Core i7,16,Nvidia
1,0,0,0,1,1,1,2.939,Windows,Dell,1,Intel Core i7,8,Intel
1,0,0,0,0,1,1,2.982,Windows,Lenovo,1,Intel Core i5,8,Intel
1,0,0,0,0,1,1,1.539,Windows,HP,0,Intel Core i5,4,Intel
1,0,0,0,0,1,1,3.472,Windows,Dell,0,Intel Core i5,8,Intel
1,0,0,0,0,1,1,2.982,Windows,HP,1,Intel Core i5,8,Intel
1,0,0,0,1,1,1,2.31,Windows,HP,0,Intel Core i7,8,Intel
1,0,0,0,1,0,0,2.409,Windows,Dell,0,Intel Core i7,8,Nvidia
1,0,0,0,0,1,1,1.202,Windows,Asus,0,Intel Core i3,4,Nvidia
1,0,0,0,1,0,0,2.383,Windows,Asus,0,Intel Core i7,8,Nvidia
1,0,0,0,0,1,1,1.021,Windows,Acer,1,Intel Core i3,6,Intel
1,1,1,1,1,0,0,4.777,Windows,MSI,0,Intel Core i7,16,Nvidia
0,0,0,0,0,0,0,1.341,Linux,Lenovo,0,Intel Core i5,8,Nvidia
1,1,1,1,1,0,0,2.709,Windows,HP,0,Intel Core i7,16,Nvidia
0,0,0,0,0,0,0,0.961,Windows,Acer,0,AMD Processor,4,AMD
1,0,0,0,0,1,1,0.552,Linux,HP,0,Intel Dual Core,4,Intel
1,0,0,0,0,1,1,1.731,Windows,HP,0,Intel Core i5,8,Intel
0,0,0,0,0,0,0,0.592,Windows,Asus,0,AMD Processor,4,AMD
1,1,1,1,1,0,0,2.975,Windows,Dell,0,Intel Core i7,16,AMD
1,0,0,0,0,1,1,1.978,Windows,HP,0,Intel Core i5,8,Intel
0,0,0,0,0,0,0,1.362,Windows,Dell,0,Intel Core i5,8,AMD
1,0,0,0,0,1,1,0.957,Windows,Dell,0,Intel Core i3,4,AMD
1,0,0,0,1,1,1,1.884,Windows,Acer,0,Intel Core i7,8,Intel
1,0,0,0,0,1,1,1.219,Windows,Acer,0,Intel Core i3,4,Nvidia
1,0,0,0,1,1,1,1.274,Windows,HP,0,Intel Core i7,8,Intel
1,0,0,0,1,1,1,2.106,Windows,HP,0,Intel Core i7,8,Intel
1,0,0,0,0,1,1,0.538,Linux,Lenovo,0,Intel Dual Core,4,Intel
0,0,0,0,0,0,0,1.999,Windows,Asus,0,Intel Core i5,8,Nvidia
0,0,0,0,0,0,0,1.063,Linux,Lenovo,0,Intel Core i5,4,Nvidia
1,0,0,0,0,1,1,1.49,Windows,HP,0,Intel Core i5,4,Intel
1,0,0,0,0,1,1,1.396,Windows,Acer,0,Intel Core i3,4,Nvidia
0,0,0,0,0,0,0,2.378,Windows,Lenovo,0,Intel Core i5,8,AMD
1,0,0,0,1,0,0,1.852,Linux,Lenovo,0,Intel Core i7,8,Nvidia
1,0,0,0,0,1,1,1.283,Windows,Toshiba,0,Intel Core i5,4,Intel
0,0,0,0,0,0,0,0.786,Windows,HP,0,AMD Processor,4,AMD
1,0,0,0,1,1,1,2.342,Windows,Asus,0,Intel Core i7,8,Intel
1,0,0,0,0,1,1,4.292,Windows,HP,1,Intel Dual Core,8,Intel
1,0,0,0,0,1,1,0.733,Windows,Asus,0,Intel Dual Core,4,Intel
1,1,1,1,1,0,0,4.324,Windows,MSI,0,Intel Core i7,16,Nvidia
1,0,0,0,0,1,1,0.953,Windows,Acer,0,Intel Core i3,4,Intel
1,1,1,1,1,0,0,2.662,Windows,Dell,0,Intel Core i7,16,Nvidia
1,0,0,0,1,0,0,1.916,Windows,Dell,0,Intel Core i7,8,Nvidia
1,0,0,0,0,1,1,1.061,Windows,Lenovo,0,Intel Core i5,4,Intel
1,1,1,1,1,0,0,4.028,Windows,MSI,0,Intel Core i7,16,Nvidia
1,0,0,0,0,1,1,2.306,Windows,HP,0,Intel Core i5,4,Intel
0,0,0,0,0,0,0,1.319,Windows,HP,0,Intel Core i5,6,AMD
1,0,0,0,0,1,1,1.341,Windows,Lenovo,1,Intel Core i3,4,Intel
1,0,0,0,0,1,1,2.803,Windows,Asus,1,Intel Core i5,8,Intel
1,0,0,0,1,1,1,2.236,Windows,Dell,1,Intel Core i7,8,Intel
1,0,0,0,0,1,1,0.953,Windows,Toshiba,0,Intel Core i3,4,Intel
0,0,0,0,0,0,0,0.859,Windows,Asus,0,AMD Processor,4,AMD
0,0,0,0,0,0,0,1.716,Windows,Acer,0,Intel Core i5,4,Nvidia
0,0,0,0,0,0,0,1.552,Windows,Dell,0,Intel Core i5,8,AMD
1,1,1,1,1,0,0,2.3,Windows,Lenovo,0,Intel Core i7,16,Nvidia
1,0,0,0,0,1,1,0.742,Windows,Acer,0,Intel Dual Core,4,Intel
1,1,1,1,1,0,0,3.834,Windows,MSI,0,Intel Core i7,16,Nvidia
1,0,0,0,0,1,1,0.775,Windows,Acer,0,Intel Dual Core,4,Intel
1,0,0,0,1,0,0,2.26,Windows,Dell,0,Intel Core i7,8,Nvidia
0,0,0,0,0,0,0,1.82,Windows,Acer,0,Intel Core i5,8,Nvidia
1,0,0,0,0,1,1,1.607,Windows,HP,0,Intel Core i5,4,Intel
1,0,0,0,0,1,1,2.875,Windows,Huawei,0,Intel Core i5,8,Intel
0,0,0,0,0,0,0,1.49,Windows,HP,0,Intel Core i5,6,AMD
0,0,0,0,0,0,0,0.659,Linux,Lenovo,0,AMD Processor,4,AMD
1,0,0,0,0,1,1,1.042,Windows,Toshiba,0,Intel Core i3,4,Intel
0,0,0,0,0,0,0,1.967,Windows,HP,0,Intel Core i5,8,Nvidia
1,0,0,0,0,1,1,0.978,Windows,Dell,0,Intel Core i3,8,Intel
1,0,0,0,0,1,1,0.957,Windows,Acer,0,Intel Core i3,4,Intel
1,1,1,1,1,0,0,5.965,Windows,MSI,0,Intel Core i7,32,Nvidia
0,0,0,0,0,0,0,1.733,Windows,Lenovo,0,Intel Core i5,8,AMD
1,0,0,0,0,1,1,3.195,Windows,HP,1,Intel Core i5,8,Intel
1,1,1,1,1,0,0,2.236,Linux,Dell,0,Intel Core i7,16,AMD
1,0,0,0,0,1,1,2.982,Windows,Dell,0,Intel Core i5,8,Intel
1,0,0,1,1,1,1,3.941,Windows,Lenovo,1,Intel Core i7,16,Intel
1,0,0,0,0,1,1,1.69,Windows,Toshiba,0,Intel Core i5,8,Intel
0,0,0,0,0,0,0,2.555,Linux,Xiaomi,0,Intel Core i5,8,Nvidia
1,1,1,1,1,0,0,3.301,Windows,Dell,1,Intel Core i7,16,Nvidia
1,1,1,1,1,0,0,5.108,Windows,Dell,1,Intel Core i7,16,Nvidia
0,0,0,0,0,0,0,1.66,Linux,Lenovo,0,Intel Core i5,8,Nvidia
1,0,0,0,0,1,1,2.108,Windows,Acer,0,Intel Core i5,8,Intel
1,0,0,0,1,0,0,2.312,Windows,Dell,0,Intel Core i7,8,AMD
1,0,0,1,1,1,1,6.019,Windows,Lenovo,1,Intel Core i7,16,Intel
1,0,0,0,0,1,1,0.554,Windows,Vero,0,Intel Dual Core,4,Intel
0,0,0,0,0,0,0,2.131,Linux,Xiaomi,0,Intel Core i5,8,Nvidia
0,0,0,0,0,0,0,1.488,Linux,Lenovo,0,Intel Core i5,8,Nvidia
1,0,0,0,1,1,1,1.788,Windows,Dell,1,Intel Core i7,8,Intel
0,0,0,0,0,0,0,1.948,Windows,HP,0,Intel Core i5,8,Nvidia
1,1,1,1,1,0,0,12.998,Windows,Razer,1,Intel Core i7,32,Nvidia
1,0,0,0,0,1,1,2.044,Windows,HP,0,Intel Core i5,8,Intel
1,1,1,1,1,0,0,2.939,Windows,HP,0,Intel Core i7,16,Nvidia
1,0,0,0,1,0,0,2.227,Windows,HP,0,Intel Core i7,8,Nvidia
1,1,1,1,1,0,0,3.932,Windows,Dell,0,Intel Core i7,16,Nvidia
1,0,0,0,0,1,1,1.051,Windows,Lenovo,0,Intel Core i5,4,Intel
1,0,0,0,1,0,0,1.581,Windows,Acer,0,Intel Core i7,8,Nvidia
1,1,1,1,1,0,0,3.727,Windows,Lenovo,0,Intel Core i7,16,Nvidia
0,0,1,1,0,0,0,6.511,Windows,Dell,0,Intel Dual Core,16,Nvidia
1,1,1,1,1,0,0,2.979,Linux,Lenovo,0,Intel Core i7,16,Nvidia
1,0,0,0,0,1,1,0.936,Windows,Dell,1,Intel Core i3,6,Intel
1,0,0,0,1,1,1,4.154,Windows,Dell,1,Intel Core i7,8,Intel
1,0,0,0,1,1,1,3.088,Windows,Dell,0,Intel Core i7,8,Intel
1,0,0,0,0,1,1,1.272,Windows,Lenovo,0,Intel Core i5,8,Intel
1,0,0,0,1,0,0,1.66,Linux,Acer,0,Intel Core i7,8,Nvidia
1,1,1,1,1,0,0,2.999,Windows,Asus,0,Intel Core i7,16,Nvidia
1,0,0,0,0,1,1,0.744,Linux,HP,0,Intel Core i3,4,Intel
1,0,0,0,0,1,1,1.17,Linux,Lenovo,0,Intel Core i5,8,Intel
1,0,0,0,1,1,1,3.195,Windows,Huawei,0,Intel Core i7,8,Intel
1,0,0,0,1,0,0,1.986,Windows,Dell,0,Intel Core i7,8,AMD
0,0,0,0,0,0,0,1.255,Linux,Lenovo,0,Intel Core i5,8,Nvidia
1,0,0,0,1,0,0,2.197,Windows,HP,0,Intel Core i7,8,Nvidia
1,0,0,0,0,1,1,2.449,Windows,Dell,0,Intel Core i5,8,Intel
1,0,0,1,1,1,1,2.726,Windows,Dell,1,Intel Core i7,16,Intel
0,0,0,0,0,0,0,1.444,Linux,Dell,0,Intel Core i5,8,AMD
1,0,0,0,0,1,1,1.916,Windows,Lenovo,0,Intel Core i5,8,Intel
1,0,0,0,1,1,1,2.905,Windows,Toshiba,0,Intel Core i7,8,Intel
1,0,0,0,0,1,1,1.692,Windows,HP,0,Intel Core i5,8,Intel
1,1,1,1,1,0,0,5.235,Windows,Dell,0,Intel Core i7,16,Nvidia
1,0,0,0,1,0,0,1.773,Windows,Acer,0,Intel Core i7,8,Nvidia
1,1,1,1,1,0,0,1.831,Windows,Dell,1,Intel Core i7,16,AMD
0,0,0,0,0,0,0,1.639,Windows,Asus,0,Intel Core i5,8,Nvidia
0,0,0,0,0,0,0,1.899,Windows,Asus,0,Intel Core i5,8,Nvidia
1,0,0,0,1,0,0,2.704,Windows,HP,0,Intel Core i7,8,AMD
1,0,0,0,0,1,1,0.85,Windows,Asus,0,Intel Core i3,4,Intel
0,0,0,0,0,0,0,0.703,Windows,HP,0,AMD Processor,4,AMD
1,1,1,1,1,0,0,3.195,Windows,Lenovo,0,Intel Core i7,16,Nvidia
1,0,0,0,0,1,1,1.831,Windows,Dell,0,Intel Core i5,8,Intel
1,0,0,0,0,1,1,1.468,Windows,Acer,1,Intel Core i5,8,Intel
1,1,1,1,1,0,0,1.916,Linux,Dell,0,Intel Core i7,16,AMD
1,0,0,0,0,1,1,0.831,Linux,Acer,0,Intel Core i3,4,Intel
0,0,0,0,0,0,0,1.225,Windows,Asus,0,AMD Processor,4,AMD
1,1,1,1,1,0,0,8.29,Windows,Asus,0,Intel Core i7,32,Nvidia
0,0,0,0,0,0,0,1.803,Windows,Acer,0,Intel Core i5,8,Nvidia
1,0,0,0,0,1,1,1.255,Windows,Lenovo,0,Intel Core i3,8,Intel
1,0,0,0,1,0,0,2.44,Windows,Asus,0,Intel Core i7,8,Nvidia
1,0,0,0,1,0,0,1.895,Linux,Asus,0,Intel Core i7,8,Nvidia
0,0,0,0,0,0,0,1.873,Windows,Dell,0,Intel Core i5,8,Nvidia
1,0,0,0,1,1,1,2.3,Windows,Lenovo,1,Intel Core i7,8,Intel
1,0,0,0,1,0,0,2.099,Windows,Dell,0,Intel Core i7,8,AMD
1,0,0,0,0,1,1,1.191,Windows,HP,1,Intel Core i5,8,Intel
1,1,1,1,1,0,0,6.391,Windows,Asus,0,Intel Core i7,16,Nvidia
1,0,0,0,0,1,1,1.439,Windows,HP,0,Intel Core i5,4,Intel
1,0,0,0,0,1,1,4.348,Mac,Apple,0,Intel Core i5,8,Intel
1,0,0,0,1,1,1,1.745,Windows,Dell,1,Intel Core i7,8,Intel
1,1,1,1,1,0,0,3.834,Windows,Asus,0,Intel Core i7,16,Nvidia
0,0,0,0,0,0,0,1.0,Windows,Asus,0,AMD Processor,4,AMD
1,0,0,0,1,1,1,3.941,Windows,Lenovo,1,Intel Core i7,8,Intel
1,0,0,0,0,1,1,1.496,Windows,Acer,0,Intel Core i3,4,Nvidia
1,0,0,0,0,1,1,2.023,Windows,Dell,0,Intel Core i5,8,Intel
0,0,0,0,0,0,0,0.95,Windows,HP,0,AMD Processor,8,AMD
1,1,1,1,1,0,0,2.257,Windows,HP,0,Intel Core i7,16,Nvidia
1,1,1,1,1,0,0,5.326,Windows,MSI,0,Intel Core i7,16,Nvidia
1,0,0,0,1,0,0,3.621,Windows,Lenovo,1,Intel Core i7,8,Nvidia
1,0,0,0,1,0,0,2.434,Windows,Dell,0,Intel Core i7,8,AMD
1,0,0,0,0,1,1,0.946,Linux,Lenovo,0,Intel Core i3,4,Intel
1,0,0,0,0,1,1,1.539,Windows,HP,0,Intel Core i5,4,Intel
1,0,0,0,0,1,1,1.4,Windows,Dell,0,Intel Core i5,4,Intel
0,0,0,0,0,0,0,1.204,Windows,Dell,0,Intel Core i5,8,AMD
1,0,0,0,0,1,1,1.703,Windows,Dell,1,Intel Core i5,8,Intel
1,0,0,0,1,1,1,3.195,Windows,Asus,1,Intel Core i7,8,Intel
1,0,0,0,0,1,1,0.995,Linux,Lenovo,0,Intel Core i5,4,Intel
1,0,0,0,1,0,0,2.17,Windows,HP,0,Intel Core i7,8,Nvidia
1,0,0,0,1,1,1,1.875,Windows,Lenovo,0,Intel Core i7,8,Intel
1,0,0,0,0,1,1,4.175,Mac,Apple,0,Intel Core i5,8,Intel
0,0,1,1,0,0,0,3.301,Windows,Asus,0,AMD Processor,16,AMD
1,0,0,0,1,0,0,1.567,Linux,Dell,0,Intel Core i7,8,AMD
1,0,0,1,1,1,1,5.326,Windows,Lenovo,1,Intel Core i7,16,Intel
1,0,0,0,1,0,0,1.731,Windows,Toshiba,0,Intel Core i7,8,Nvidia
1,0,0,0,1,1,1,1.52,Windows,Dell,0,Intel Core i7,12,Intel
1,0,0,0,1,0,0,2.342,Linux,Dell,0,Intel Core i7,8,AMD
1,0,0,0,1,0,0,1.588,Windows,Acer,0,Intel Core i7,8,Nvidia
1,0,0,0,0,1,1,1.042,Windows,Lenovo,0,Intel Core i3,4,Intel
1,0,0,0,1,0,0,1.809,Linux,Lenovo,0,Intel Core i7,8,Nvidia
1,0,0,0,1,0,0,1.831,Windows,Lenovo,0,Intel Core i7,6,Nvidia
1,0,0,0,0,1,1,0.912,Linux,Dell,0,Intel Core i3,4,AMD
0,0,0,0,0,0,0,1.767,Windows,Lenovo,0,Intel Core i5,8,Nvidia
1,0,0,0,0,1,1,1.234,Windows,Lenovo,0,Intel Core i5,6,Intel
1,0,0,0,1,0,0,2.027,Windows,Acer,0,Intel Core i7,8,Nvidia
1,0,0,0,1,1,1,1.404,Windows,Acer,1,Intel Core i7,12,Intel
1,0,0,0,1,1,1,2.338,Windows,Lenovo,0,Intel Core i7,8,Intel
0,0,0,0,0,0,0,2.082,Windows,Asus,0,Intel Core i5,8,Nvidia
1,1,1,1,1,0,0,2.513,Windows,Lenovo,0,Intel Core i7,16,Nvidia
1,0,0,0,1,0,0,1.404,Linux,Lenovo,0,Intel Core i7,8,Nvidia
1,0,0,0,0,1,1,0.424,Linux,Acer,0,Intel Dual Core,2,Intel
1,0,0,0,1,0,0,2.53,Windows,Asus,0,Intel Core i7,8,Nvidia
1,0,0,0,0,1,1,1.042,Windows,HP,0,Intel Core i3,8,Intel
1,0,0,0,1,0,0,3.898,Windows,Dell,0,Intel Core i7,8,Nvidia
1,0,0,0,0,1,1,1.575,Windows,Lenovo,0,Intel Core i5,8,Intel
1,0,0,0,1,0,0,2.768,Windows,Lenovo,0,Intel Core i7,8,Nvidia
1,0,0,0,1,0,0,2.086,Linux,Acer,0,Intel Core i7,8,Nvidia
1,1,1,1,1,0,0,6.148,Windows,Dell,0,Intel Core i7,16,Nvidia
0,0,0,0,0,0,0,1.063,Windows,Lenovo,0,AMD Processor,6,AMD
1,1,1,1,1,0,0,3.129,Windows,Asus,0,Intel Core i7,16,Nvidia
1,0,0,0,0,1,1,1.085,Windows,Asus,0,Intel Core i3,4,Intel
1,1,1,1,1,0,0,4.522,Windows,Asus,0,Intel Core i7,16,Nvidia
0,0,0,0,0,0,0,1.383,Windows,Lenovo,0,Intel Core i5,6,Nvidia
0,0,0,0,0,0,0,1.17,Linux,Lenovo,0,Intel Core i5,8,Nvidia
1,0,0,0,1,0,0,2.696,Windows,Asus,0,Intel Core i7,8,Nvidia
1,0,0,0,0,1,1,0.767,Linux,Lenovo,0,Intel Dual Core,4,Intel
1,0,0,1,1,1,1,4.209,Windows,HP,1,Intel Core i7,16,Intel
1,0,0,0,1,0,0,2.223,Windows,Toshiba,0,Intel Core i7,8,Nvidia
0,0,0,0,0,0,0,1.745,Windows,Lenovo,0,Intel Core i5,8,Nvidia
1,0,0,0,0,1,1,1.0,Windows,HP,0,Intel Core i3,4,Intel
1,0,0,0,0,1,1,2.129,Windows,Lenovo,0,Intel Core i5,8,Intel
1,0,0,1,1,1,1,5.326,Windows,Dell,1,Intel Core i7,16,Intel
1,1,1,1,1,0,0,4.473,Windows,MSI,0,Intel Core i7,16,Nvidia
0,0,0,0,0,0,0,1.0,Windows,Acer,0,AMD Processor,8,AMD
1,0,0,0,0,1,1,0.586,Windows,Asus,1,Intel Dual Core,2,Intel
0,0,0,0,0,0,0,1.799,Windows,Dell,0,Intel Core i5,8,AMD
1,0,0,1,1,1,1,5.219,Windows,HP,1,Intel Core i7,16,Intel
1,0,0,0,0,1,1,0.98,Linux,Lenovo,0,Intel Dual Core,4,Intel
1,0,0,0,0,1,1,2.089,Windows,HP,0,Intel Core i5,8,Intel
1,0,0,0,0,1,1,1.034,Windows,Acer,0,Intel Dual Core,4,Intel
1,0,0,0,1,1,1,2.754,Windows,HP,0,Intel Core i7,8,Intel
0,0,0,0,0,0,0,1.255,Windows,Lenovo,0,Intel Core i5,4,Nvidia
1,0,0,0,1,1,1,2.332,Windows,Asus,0,Intel Core i7,8,Intel
1,0,0,0,1,1,1,1.922,Windows,HP,0,Intel Core i7,8,Intel
0,0,0,0,0,0,0,1.404,Windows,Acer,0,AMD Processor,8,AMD
1,0,0,0,0,1,1,0.622,Windows,Lenovo,0,Intel Dual Core,4,Intel
1,0,0,0,0,1,1,1.17,Windows,Acer,0,Intel Core i5,6,Intel
1,0,0,0,1,0,0,2.238,Windows,Asus,0,Intel Core i7,8,Nvidia
1,0,0,0,1,1,1,2.845,Windows,HP,0,Intel Core i7,8,Intel
1,1,1,1,1,0,0,5.624,Windows,Dell,1,Intel Core i7,32,Nvidia
1,0,0,0,1,0,0,2.555,Windows,MSI,0,Intel Core i7,8,Nvidia
1,0,0,0,0,1,1,2.01,Windows,Toshiba,0,Intel Core i5,8,Intel
1,0,0,0,1,1,1,2.843,Windows,Asus,0,Intel Core i7,8,Intel
1,0,0,0,0,1,1,0.957,Windows,Lenovo,0,Intel Core i3,4,Intel
1,0,0,0,1,0,0,2.129,Windows,Asus,0,Intel Core i7,8,Nvidia
1,0,0,0,0,1,1,2.702,Windows,HP,0,Intel Core i5,8,Intel
0,0,0,0,0,0,0,2.236,Windows,Dell,0,Intel Core i5,8,Nvidia
1,0,0,0,0,1,1,2.438,Windows,HP,0,Intel Core i5,8,Intel
1,0,0,0,0,1,1,0.586,Linux,Asus,0,Intel Dual Core,4,Intel
0,0,0,0,0,0,0,2.435,Windows,Dell,0,Intel Core i5,8,Nvidia
1,0,0,0,0,1,1,0.586,Linux,Dell,0,Intel Dual Core,4,Intel
0,0,0,0,0,0,0,1.916,Windows,Lenovo,0,AMD Processor,12,AMD
1,0,0,0,0,1,1,1.526,Windows,HP,0,Intel Core i3,8,Nvidia
1,0,0,1,1,1,1,4.473,Windows,Lenovo,1,Intel Core i7,16,Intel
1,0,0,0,1,1,1,3.365,Windows,Dell,0,Intel Core i7,8,Intel
1,1,1,1,1,0,0,2.406,Windows,Lenovo,0,Intel Core i7,16,Nvidia
1,0,0,0,0,1,1,0.595,Windows,HP,0,Intel Dual Core,2,Intel
1,0,0,1,1,1,1,3.427,Windows,Dell,0,Intel Core i7,16,Intel
1,0,0,0,0,1,1,0.799,Windows,Asus,1,Intel Dual Core,4,Intel
0,0,0,0,0,0,0,1.413,Windows,Dell,0,Intel Core i5,8,AMD
1,1,1,1,1,0,0,4.321,Windows,Dell,1,Intel Core i7,16,Nvidia
1,0,0,0,1,1,1,2.779,Windows,HP,0,Intel Core i7,8,Intel
1,0,0,0,1,0,0,3.003,Windows,MSI,0,Intel Core i7,8,Nvidia
1,0,0,0,1,0,0,3.705,Windows,HP,0,Intel Core i7,8,Nvidia
1,1,1,1,1,0,0,2.99,Windows,Toshiba,0,Intel Core i7,16,Nvidia
1,0,0,0,1,0,0,2.069,Windows,Dell,0,Intel Core i7,8,AMD
1,0,0,0,0,1,1,0.686,Linux,Lenovo,0,Intel Dual Core,4,Intel
0,0,0,0,0,0,0,2.129,Windows,Dell,0,Intel Core i5,8,Nvidia
1,0,0,0,0,1,1,1.188,Windows,Dell,1,Intel Core i5,8,Intel
1,0,0,0,0,1,1,3.041,Windows,Dell,0,Intel Core i5,8,Intel
1,0,0,0,0,1,1,0.936,Windows,HP,0,Intel Core i3,4,Intel
1,0,0,0,0,1,1,2.014,Windows,Asus,0,Intel Core i5,8,Intel
0,0,0,0,0,0,0,1.532,Windows,Lenovo,0,Intel Core i5,6,Nvidia
1,0,0,0,0,1,1,1.362,Windows,HP,0,Intel Core i5,8,Intel
1,0,0,0,0,1,1,1.063,Linux,Lenovo,0,Intel Core i3,8,Nvidia
1,0,0,0,0,1,1,0.829,Windows,HP,0,Intel Dual Core,8,Intel
0,0,0,0,0,0,0,2.312,Windows,Dell,0,Intel Core i5,8,AMD
0,0,0,0,0,0,0,1.724,Linux,Lenovo,0,Intel Core i5,8,Nvidia
1,0,0,0,1,0,0,1.916,Windows,Dell,0,Intel Core i7,8,AMD
1,0,0,0,1,1,1,3.73,Windows,HP,0,Intel Core i7,8,Intel
1,0,0,0,1,0,0,2.342,Windows,Asus,1,Intel Core i7,12,Nvidia
0,0,0,0,0,0,0,0.908,Windows,Acer,0,AMD Processor,4,AMD
0,0,1,1,0,0,0,4.687,Windows,Asus,0,AMD Processor,16,AMD
0,0,0,0,0,0,0,1.042,Windows,Lenovo,0,AMD Processor,4,AMD
1,0,0,0,1,1,1,1.852,Windows,Dell,1,Intel Core i7,8,Intel
0,0,0,0,0,0,0,1.042,Windows,HP,0,AMD Processor,4,AMD
1,0,0,0,0,1,1,1.179,Windows,Lenovo,0,Intel Dual Core,4,Intel
1,0,0,0,0,1,1,0.659,Windows,Dell,0,Intel Dual Core,4,Intel
1,0,0,0,0,1,1,0.61,Windows,Asus,0,Intel Dual Core,4,Intel
1,0,0,0,1,0,0,1.803,Linux,Acer,0,Intel Core i7,8,Nvidia
1,0,0,0,1,0,0,2.538,Windows,HP,0,Intel Core i7,8,Nvidia
1,0,0,0,0,1,1,0.86,Linux,Lenovo,0,Intel Core i3,4,Intel
1,0,0,0,1,0,0,3.527,Windows,Asus,0,Intel Core i7,8,Nvidia
0,0,0,0,0,0,0,2.342,Windows,Lenovo,0,Intel Core i5,8,Nvidia
1,0,0,1,1,1,1,3.727,Windows,Asus,1,Intel Core i7,16,Intel
1,0,0,0,1,1,1,4.863,Windows,Lenovo,0,Intel Core i7,8,Intel
1,0,0,0,0,1,1,1.17,Windows,Lenovo,0,Intel Core i3,4,Intel
0,0,0,0,0,0,0,2.918,Windows,Dell,0,Intel Core i5,8,AMD
1,0,0,0,1,0,0,4.55,Windows,Dell,0,Intel Core i7,8,Nvidia
1,0,0,1,1,1,1,5.347,Windows,Lenovo,1,Intel Core i7,16,Intel
1,0,0,0,1,0,0,2.214,Windows,Asus,0,Intel Core i7,8,Nvidia
1,1,1,1,1,0,0,3.391,Windows,Asus,0,Intel Core i7,16,Nvidia
0,0,0,0,0,0,0,1.479,Windows,Acer,0,Intel Core i5,12,Nvidia
1,0,0,0,1,0,0,2.875,Windows,MSI,0,Intel Core i7,8,Nvidia
1,0,0,0,1,0,0,1.66,Linux,Dell,0,Intel Core i7,8,AMD
0,0,0,0,0,0,0,1.063,Windows,HP,0,AMD Processor,4,AMD
1,0,0,0,1,0,0,2.62,Windows,Lenovo,0,Intel Core i7,8,AMD
1,0,0,0,0,1,1,1.999,Windows,Lenovo,0,Intel Core i5,8,Intel
1,0,0,0,1,0,0,5.78,Windows,Dell,1,Intel Core i7,8,Nvidia
1,0,0,1,1,1,1,5.594,Windows,Lenovo,0,Intel Core i7,16,Intel
1,0,0,0,0,1,1,0.652,Windows,Lenovo,0,Intel Dual Core,4,Intel
1,1,1,1,1,0,0,3.259,Windows,Asus,0,Intel Core i7,16,Nvidia
0,0,0,0,0,0,0,2.439,Windows,Lenovo,0,Intel Core i5,8,AMD
1,0,0,0,1,0,0,1.873,Linux,Acer,0,Intel Core i7,8,Nvidia
1,1,1,1,1,0,0,4.793,Windows,MSI,0,Intel Core i7,16,Nvidia
1,0,0,0,1,1,1,3.992,Windows,Asus,0,Intel Core i7,8,Intel
1,0,0,1,1,1,1,3.723,Windows,Toshiba,0,Intel Core i7,16,Intel
1,0,0,0,1,1,1,3.58,Windows,Dell,0,Intel Core i7,8,Intel
1,0,0,0,0,1,1,0.872,Windows,Lenovo,0,Intel Core i3,4,Intel
1,0,0,0,0,1,1,0.649,Windows,Lenovo,0,Intel Dual Core,2,Intel
1,0,0,0,1,0,0,4.103,Windows,Lenovo,0,Intel Core i7,8,Nvidia
1,0,0,0,1,0,0,4.141,Windows,Lenovo,0,Intel Core i7,8,Nvidia
1,0,0,0,0,1,1,1.0,Windows,HP,0,Intel Core i3,4,AMD
1,0,0,0,1,1,1,1.682,Windows,Acer,1,Intel Core i7,8,Intel
1,0,0,0,0,1,1,1.978,Windows,Asus,1,Intel Core i5,8,Intel
0,0,0,0,0,0,0,1.276,Linux,Dell,0,Intel Core i5,4,AMD
1,0,0,0,0,1,1,1.468,Windows,Dell,0,Intel Core i3,4,Intel
1,0,0,0,1,1,1,3.197,Windows,HP,0,Intel Core i7,8,Intel
1,0,0,0,0,1,1,1.151,Windows,Dell,0,Intel Core i5,8,Intel
1,0,0,0,1,0,0,2.59,Windows,Lenovo,0,Intel Core i7,8,AMD
1,1,1,1,1,0,0,4.047,Windows,Lenovo,1,Intel Core i7,16,Nvidia
1,0,0,0,0,1,1,0.957,Windows,Chuwi,0,Intel Dual Core,6,Intel
1,0,0,0,1,1,1,3.041,Windows,HP,0,Intel Core i7,8,Intel
1,0,0,0,0,1,1,1.272,Linux,Asus,0,Intel Core i3,8,Nvidia
1,1,1,1,1,0,0,5.965,Windows,Dell,0,Intel Core i7,16,Nvidia
1,0,0,0,1,0,0,2.47,Windows,Dell,0,Intel Core i7,8,Nvidia
1,0,0,0,1,0,0,2.435,Windows,Dell,0,Intel Core i7,8,AMD
1,0,0,0,1,1,1,2.342,Linux,Dell,0,Intel Core i7,8,Intel
1,0,0,0,1,0,0,4.26,Windows,HP,0,Intel Core i7,12,Nvidia
1,0,0,0,0,1,1,0.637,Windows,Mediacom,1,Intel Dual Core,4,Intel
1,0,0,0,0,1,1,0.573,Linux,Samsung,0,Intel Dual Core,4,Intel
1,0,0,0,1,1,1,2.153,Windows,Lenovo,0,Intel Core i7,8,Intel
1,0,0,0,0,1,1,1.277,Windows,Lenovo,0,Intel Core i3,4,Intel
1,1,1,1,1,0,0,5.211,Windows,Lenovo,0,Intel Core i7,16,Nvidia
1,1,1,1,1,0,0,5.219,Windows,Lenovo,0,Intel Core i7,16,Nvidia
0,0,0,0,0,0,0,3.612,Windows,Asus,0,AMD Processor,8,AMD
1,0,0,0,0,1,1,0.74,Windows,HP,0,Intel Dual Core,4,Intel
1,0,0,1,1,1,1,4.687,Linux,Google,1,Intel Core i7,16,Intel
1,0,0,0,0,1,1,1.191,Linux,Asus,0,Intel Core i5,4,Intel
0,0,0,0,0,0,0,1.106,Windows,Lenovo,0,AMD Processor,8,AMD
0,0,0,0,0,0,0,1.596,Windows,Dell,0,Intel Core i5,4,AMD
1,0,0,0,0,1,1,3.045,Windows,Lenovo,0,Intel Core i5,8,Intel
1,0,0,0,0,1,1,0.744,Windows,Lenovo,0,Intel Dual Core,4,Intel
1,0,0,0,1,0,0,2.342,Windows,HP,0,Intel Core i7,8,Nvidia
0,0,0,0,0,0,0,2.513,Windows,Dell,0,Intel Core i5,8,Nvidia
1,0,0,0,0,1,1,0.942,Linux,Acer,0,Intel Core i5,4,Intel
0,0,0,0,0,0,0,4.247,Windows,Dell,0,Intel Dual Core,8,Nvidia
0,0,0,0,0,0,0,2.19,Windows,MSI,0,Intel Core i5,8,Nvidia
1,0,0,1,1,1,1,5.518,Windows,Microsoft,1,Intel Core i7,16,Intel
1,0,0,0,0,1,1,1.255,Windows,HP,0,Intel Core i5,8,Intel
1,1,1,1,1,0,0,4.209,Windows,Dell,0,Intel Core i7,16,Nvidia
1,0,0,0,1,1,1,3.269,Windows,HP,0,Intel Core i7,8,Intel
1,0,0,0,0,1,1,2.866,Windows,Lenovo,0,Intel Core i5,8,Intel
1,0,0,0,1,0,0,2.086,Windows,Dell,0,Intel Core i7,8,AMD
1,0,0,0,0,1,1,1.021,Windows,Dell,1,Intel Dual Core,4,Intel
1,0,0,0,1,0,0,4.36,Windows,Dell,0,Intel Core i7,8,Nvidia
1,0,0,0,0,1,1,2.108,Windows,Microsoft,1,Intel Dual Core,4,Intel
1,0,0,0,1,1,1,3.834,Windows,Microsoft,1,Intel Core i7,8,Intel
1,0,0,0,0,1,1,1.364,Windows,HP,0,Intel Core i3,8,Intel
1,0,0,0,0,1,1,1.159,Windows,Acer,0,Intel Core i3,4,Nvidia
1,0,0,0,0,1,1,0.927,Windows,Acer,0,Intel Dual Core,4,Intel
1,0,0,0,0,1,1,1.596,Windows,Asus,0,Intel Core i5,8,Intel
1,0,0,0,1,0,0,1.703,Linux,Lenovo,0,Intel Core i7,8,AMD
1,0,0,0,1,0,0,4.454,Windows,Lenovo,0,Intel Core i7,8,Nvidia
1,0,0,0,0,1,1,0.648,Windows,Asus,0,Intel Dual Core,4,Intel
1,0,0,0,0,1,1,1.0,Windows,Acer,0,Intel Core i3,4,Nvidia
0,0,0,0,0,0,0,1.618,Windows,Dell,0,Intel Core i5,8,AMD
1,0,0,0,1,0,0,3.621,Windows,HP,0,Intel Core i7,12,Nvidia
1,0,0,0,1,1,1,3.96,Windows,Lenovo,0,Intel Core i7,12,Intel
1,0,0,0,1,1,1,4.26,Windows,HP,1,Intel Core i7,8,Intel
0,0,0,0,0,0,0,2.459,Windows,HP,0,Intel Core i5,8,AMD
1,0,0,0,0,1,1,2.717,Linux,Google,1,Intel Core i5,8,Intel
1,0,0,0,0,1,1,3.925,Windows,Dell,1,Intel Core i5,8,Intel
1,0,0,0,1,1,1,2.768,Windows,Asus,0,Intel Core i7,12,Intel
1,0,0,0,0,1,1,1.577,Windows,Dell,0,Intel Core i3,8,Intel
1,0,0,0,1,0,0,5.132,Windows,Dell,0,Intel Core i7,8,Nvidia
1,0,0,0,0,1,1,2.907,Windows,Lenovo,0,Intel Core i5,8,Intel
0,0,0,0,0,0,0,1.439,Windows,Dell,0,Intel Core i5,8,AMD
1,0,0,0,0,1,1,3.563,Windows,Toshiba,0,Intel Core i5,8,Intel
1,0,0,0,1,0,0,2.69,Windows,Dell,0,Intel Core i7,8,Nvidia
1,0,0,0,0,1,1,1.25,Windows,Dell,0,Intel Core i3,4,Intel
1,0,0,0,0,1,1,1.547,Windows,HP,0,Intel Core i5,4,Intel
1,0,0,0,0,1,1,0.53,Windows,Chuwi,0,Intel Dual Core,4,Intel
1,0,0,0,0,1,1,1.204,Windows,Lenovo,0,Intel Core i3,4,Intel
1,0,0,0,0,1,1,2.236,Windows,Lenovo,0,Intel Core i5,8,Intel
1,1,1,1,1,0,0,4.983,Windows,Dell,0,Intel Core i7,16,Nvidia
1,1,1,1,1,0,0,4.047,Windows,Dell,0,Intel Core i7,16,Nvidia
1,0,0,1,1,1,1,3.832,Windows,Lenovo,0,Intel Core i7,16,Intel
1,0,0,1,1,1,1,4.156,Windows,Asus,0,Intel Core i7,16,Intel
0,0,0,0,0,0,0,2.157,Windows,Lenovo,0,Intel Core i5,8,Nvidia
1,0,0,1,1,1,1,5.965,Windows,Toshiba,1,Intel Core i7,32,Intel
1,0,0,0,1,0,0,2.877,Windows,Asus,0,Intel Core i7,8,Nvidia
0,0,0,0,0,0,0,1.234,Windows,Acer,0,AMD Processor,8,AMD
1,0,0,0,0,1,1,2.342,Windows,Lenovo,0,Intel Core i5,8,Intel
1,0,0,0,1,1,1,1.916,Windows,Lenovo,0,Intel Core i7,8,Intel
1,0,0,0,1,1,1,3.727,Windows,HP,0,Intel Core i7,8,Intel
1,0,0,0,0,1,1,2.023,Windows,Lenovo,0,Intel Core i3,8,Intel
1,0,0,0,0,1,1,1.942,Windows,Lenovo,0,Intel Core i5,8,Intel
1,0,0,0,0,1,1,0.725,Windows,Asus,0,Intel Dual Core,4,Intel
0,0,0,0,0,0,0,1.319,Windows,HP,0,Intel Core i5,8,AMD
1,0,0,0,0,1,1,3.408,Windows,Lenovo,1,Intel Core i5,8,Intel
1,0,0,0,0,1,1,0.637,Windows,Lenovo,0,Intel Dual Core,4,Intel
1,0,0,0,0,1,1,0.565,Linux,Lenovo,0,Intel Dual Core,4,Intel
1,0,0,0,0,1,1,2.023,Windows,Lenovo,0,Intel Core i5,8,Intel
1,0,0,0,1,1,1,2.609,Windows,Asus,0,Intel Core i7,8,Intel
0,0,0,0,0,0,0,1.306,Windows,Acer,0,Intel Core i5,4,Nvidia
1,0,0,0,1,1,1,2.82,Windows,HP,0,Intel Core i7,8,Intel
1,0,0,0,1,0,0,2.449,Linux,Lenovo,0,Intel Core i7,8,Nvidia
1,0,0,0,0,1,1,1.916,Windows,Dell,1,Intel Core i5,8,Intel
1,0,0,0,1,0,0,1.362,Windows,Acer,0,Intel Core i7,4,Nvidia
1,0,0,0,0,1,1,1.782,Windows,Dell,0,Intel Core i5,8,Intel
1,1,1,1,1,0,0,2.598,Windows,Dell,0,Intel Core i7,16,AMD
1,1,1,1,1,0,0,2.984,Linux,Xiaomi,0,Intel Core i7,16,Nvidia
1,0,0,0,0,1,1,0.522,Windows,Asus,0,Intel Dual Core,2,Intel
1,0,0,0,0,1,1,1.111,Windows,HP,1,Intel Core i5,4,Intel
0,0,0,0,0,0,0,1.895,Windows,HP,0,Intel Core i5,8,Nvidia
1,1,1,1,1,0,0,3.205,Windows,Asus,0,Intel Core i7,16,Nvidia
1,0,0,0,1,0,0,2.982,Windows,Lenovo,0,Intel Core i7,8,Nvidia
1,0,0,0,1,1,1,2.982,Windows,HP,0,Intel Core i7,8,Intel
1,0,0,0,0,1,1,2.727,Windows,Dell,0,Intel Core i5,8,Intel
1,0,0,0,0,1,1,1.468,Windows,HP,0,Intel Core i3,4,Intel
0,0,0,0,0,0,0,1.895,Linux,Dell,0,Intel Core i5,8,AMD
1,0,0,0,0,1,1,2.856,Windows,Lenovo,0,Intel Core i5,8,Intel
1,0,0,0,1,0,0,1.703,Windows,Lenovo,0,Intel Core i7,4,Nvidia
1,0,0,0,0,1,1,0.978,Linux,Lenovo,0,Intel Core i3,8,Nvidia
0,0,0,0,0,0,0,1.247,Windows,Dell,0,Intel Core i5,4,AMD
1,0,0,0,0,1,1,2.935,Windows,Dell,0,Intel Core i5,8,Intel
1,1,1,1,1,0,0,6.421,Windows,Dell,0,Intel Core i7,16,Nvidia
1,0,0,0,0,1,1,1.833,Windows,Toshiba,0,Intel Core i5,8,Intel
1,0,0,0,1,0,0,2.768,Windows,Asus,0,Intel Core i7,8,Nvidia
1,0,0,0,0,1,1,0.786,Windows,Mediacom,0,Intel Dual Core,4,Intel
0,0,0,0,0,0,0,3.514,Windows,Asus,0,Intel Core i5,8,Nvidia
1,0,0,0,1,0,0,2.918,Windows,Dell,0,Intel Core i7,8,Nvidia
0,0,0,0,0,0,0,1.699,Windows,Dell,0,Intel Core i5,8,AMD
1,0,0,0,0,1,1,0.85,Windows,HP,0,Intel Dual Core,4,Intel
1,0,0,0,1,0,0,3.834,Windows,HP,0,Intel Core i7,12,Nvidia
1,0,0,0,1,0,0,1.831,Windows,Lenovo,0,Intel Core i7,8,Nvidia
1,0,0,0,1,1,1,2.982,Windows,Dell,1,Intel Core i7,8,Intel
1,0,0,0,0,1,1,1.568,Windows,Dell,0,Intel Core i3,4,Intel
1,0,0,0,1,1,1,2.44,Windows,HP,0,Intel Core i7,8,Intel
0,0,0,0,0,0,0,1.701,Linux,Acer,0,Intel Core i5,8,Nvidia
0,0,0,0,0,0,0,0.744,Windows,Asus,0,AMD Processor,4,AMD
1,0,0,0,0,1,1,1.504,Windows,HP,0,Intel Core i3,4,Intel
1,0,0,0,0,1,1,1.673,Windows,Lenovo,0,Intel Core i5,4,Intel
1,0,0,0,0,1,1,0.985,Linux,Lenovo,0,Intel Core i5,4,Intel
1,0,0,0,0,1,1,0.846,Windows,HP,0,Intel Core i3,4,Intel
1,0,0,0,1,1,1,3.685,Windows,Lenovo,0,Intel Core i7,8,Intel
1,0,0,0,0,1,1,1.063,Windows,Lenovo,0,Intel Core i3,4,Intel
1,0,0,0,0,1,1,2.381,Windows,Dell,0,Intel Core i5,8,Intel
1,1,1,1,1,0,0,5.752,Windows,Dell,0,Intel Core i7,16,Nvidia
1,0,0,0,0,1,1,1.16,Windows,HP,0,Intel Core i3,8,Intel
1,0,0,0,1,0,0,2.728,Windows,HP,0,Intel Core i7,8,Nvidia
1,0,0,0,0,1,1,0.477,Linux,Asus,0,Intel Dual Core,4,Intel
1,0,0,0,0,1,1,0.543,Windows,Mediacom,0,Intel Dual Core,4,Intel
1,0,0,0,1,0,0,2.023,Windows,Lenovo,0,Intel Core i7,6,Nvidia
0,0,0,0,0,0,0,1.212,Windows,HP,0,AMD Processor,6,AMD
1,0,0,0,0,1,1,1.317,Windows,Dell,0,Intel Core i3,4,AMD
1,0,0,0,0,1,1,0.744,Windows,Acer,1,Intel Dual Core,4,Intel
1,0,0,0,0,1,1,1.343,Windows,Lenovo,0,Intel Core i3,4,Intel
1,0,0,1,0,1,1,4.188,Windows,HP,1,Intel Dual Core,16,Intel
1,0,0,0,1,0,0,6.391,Windows,Lenovo,0,Intel Core i7,8,Nvidia
0,0,0,0,0,0,0,1.788,Windows,Asus,0,Intel Core i5,8,Nvidia
1,0,0,0,0,1,1,3.408,Windows,Dell,1,Intel Core i5,8,Intel
1,0,0,0,0,1,1,2.044,Windows,Dell,0,Intel Core i5,4,Intel
1,0,0,0,0,1,1,1.575,Windows,Fujitsu,0,Intel Core i5,8,Intel
1,0,0,0,0,1,1,0.733,Windows,Lenovo,0,Intel Dual Core,4,Intel
1,0,0,0,0,1,1,2.11,Windows,Lenovo,0,Intel Core i5,4,Intel
0,0,0,0,0,0,0,3.966,Windows,HP,0,Intel Core i5,8,Nvidia
1,0,0,0,0,1,1,0.829,Windows,HP,0,Intel Dual Core,8,Intel
0,0,0,0,0,0,0,1.383,Windows,HP,0,AMD Processor,6,AMD
1,0,0,0,0,1,1,1.769,Windows,Lenovo,0,Intel Core i5,8,Intel
1,0,0,0,0,1,1,1.46,Windows,Lenovo,0,Intel Core i5,4,Intel
1,0,0,0,0,1,1,0.531,Windows,Mediacom,0,Intel Dual Core,4,Intel
1,0,0,1,1,1,1,3.975,Windows,Toshiba,1,Intel Core i7,16,Intel
1,1,1,1,1,0,0,5.675,Windows,Lenovo,0,Intel Core i7,32,Nvidia
1,1,1,1,1,0,0,5.816,Windows,MSI,0,Intel Core i7,16,Nvidia
1,0,0,0,1,0,0,1.596,Linux,Dell,0,Intel Core i7,8,AMD
1,0,0,0,0,1,1,0.829,Windows,Mediacom,0,Intel Dual Core,4,Intel
1,0,0,0,0,1,1,2.149,Windows,Dell,0,Intel Core i5,8,Intel
1,0,0,0,0,1,1,1.532,Windows,HP,0,Intel Core i3,4,Intel
1,1,1,1,1,0,0,3.276,Windows,Dell,0,Intel Core i7,16,Nvidia
1,0,0,0,0,1,1,0.629,Linux,Dell,0,Intel Dual Core,4,Intel
1,1,1,1,1,0,0,5.006,Windows,MSI,0,Intel Core i7,16,Nvidia
1,1,1,1,1,0,0,3.193,Windows,HP,0,Intel Core i7,16,Nvidia
1,0,0,0,1,1,1,3.565,Windows,Lenovo,0,Intel Core i7,12,Intel
1,0,0,0,1,1,1,1.298,Windows,Lenovo,1,Intel Core i7,12,Intel
0,0,0,0,0,0,0,3.772,Windows,Asus,0,Intel Core i5,8,Nvidia
1,0,0,0,0,1,1,1.575,Windows,Asus,1,Intel Core i5,8,Intel
0,0,0,0,0,0,0,2.023,Windows,Lenovo,0,AMD Processor,12,AMD
1,0,0,0,0,1,1,1.285,Windows,Dell,1,Intel Dual Core,4,Intel
1,1,1,1,1,0,0,3.621,Windows,Samsung,0,Intel Core i7,16,Nvidia
1,0,0,0,0,1,1,1.127,Linux,Lenovo,0,Intel Core i3,4,Intel
1,0,0,0,0,1,1,0.978,Windows,Lenovo,0,Intel Core i3,8,Intel
1,0,0,0,1,1,1,4.316,Windows,Lenovo,1,Intel Core i7,8,Intel
1,0,0,0,0,1,1,3.141,Windows,Lenovo,0,Intel Core i5,8,Intel
1,0,0,0,0,1,1,3.559,Windows,Dell,1,Intel Core i5,8,Intel
1,0,0,0,1,0,0,3.757,Windows,Dell,1,Intel Core i7,8,Nvidia
1,0,0,0,1,1,1,2.598,Windows,HP,0,Intel Core i7,8,Intel
1,0,0,0,0,1,1,1.425,Windows,HP,0,Intel Core i3,4,Intel
1,0,0,0,0,1,1,0.701,Windows,Acer,0,Intel Dual Core,4,Intel
1,1,1,1,1,0,0,4.687,Windows,MSI,0,Intel Core i7,16,Nvidia
1,0,0,0,0,1,1,0.991,Linux,Dell,0,Intel Core i3,4,AMD
1,1,1,1,1,0,0,4.9,Windows,MSI,0,Intel Core i7,16,Nvidia
1,0,0,0,1,1,1,2.982,Windows,Toshiba,0,Intel Core i7,8,Intel
1,0,0,0,0,1,1,1.202,Windows,Lenovo,0,Intel Core i5,6,Intel
1,0,0,0,1,1,1,2.768,Windows,Lenovo,1,Intel Core i7,8,Intel
1,0,0,0,0,1,1,0.744,Windows,Acer,0,Intel Dual Core,4,Intel
1,0,1,1,1,0,0,10.441,Windows,Lenovo,0,Intel Dual Core,32,Nvidia
1,1,1,1,1,0,0,1.873,Windows,Dell,0,Intel Core i7,16,Nvidia
1,0,0,0,0,1,1,0.946,Linux,Dell,0,Intel Core i3,4,Intel
1,0,0,0,0,1,1,0.765,Linux,Dell,0,Intel Core i3,4,Intel
1,0,0,0,0,1,1,1.852,Linux,Dell,0,Intel Core i5,4,Intel
1,0,0,0,1,0,0,2.489,Windows,Asus,0,Intel Core i7,8,Nvidia
0,0,0,0,0,0,0,1.213,Linux,Dell,0,Intel Core i5,4,AMD
1,0,0,0,1,1,1,2.96,Windows,HP,0,Intel Core i7,8,Intel
1,1,1,1,1,0,0,4.833,Windows,MSI,0,Intel Core i7,16,Nvidia
1,0,0,0,0,1,1,0.808,Linux,Acer,1,Intel Dual Core,4,Intel
1,0,0,0,0,1,1,2.395,Windows,HP,0,Intel Core i5,8,Intel
1,0,0,0,0,1,1,3.122,Windows,Lenovo,0,Intel Core i5,8,Intel
0,0,0,0,0,0,0,1.654,Windows,Dell,0,Intel Core i5,4,AMD
1,0,0,0,0,1,1,1.703,Windows,Fujitsu,0,Intel Core i5,8,Intel
1,0,0,0,0,1,1,1.986,Windows,HP,0,Intel Core i5,4,Intel
1,0,0,0,1,0,0,1.916,Windows,Lenovo,0,Intel Core i7,8,Nvidia
1,0,0,0,0,1,1,0.509,Windows,Mediacom,0,Intel Dual Core,2,Intel
1,0,0,0,0,1,1,0.997,Linux,Lenovo,0,Intel Core i5,4,Intel
1,0,0,0,0,1,1,1.362,Windows,Asus,1,Intel Core i5,6,Intel
1,0,0,0,1,0,0,3.879,Windows,Dell,0,Intel Core i7,8,Nvidia
1,0,0,1,1,1,1,4.049,Windows,Asus,0,Intel Core i7,16,Intel
1,1,1,1,1,0,0,3.152,Windows,Dell,0,Intel Core i7,16,Nvidia
1,0,0,0,0,1,1,1.767,Windows,Lenovo,0,Intel Core i5,4,Intel
1,0,0,0,0,1,1,1.234,Windows,Lenovo,0,Intel Core i3,4,Nvidia
1,0,0,0,0,1,1,0.85,Windows,Asus,0,Intel Dual Core,8,Intel
0,0,0,0,0,0,0,1.932,Windows,Asus,0,Intel Core i5,8,Nvidia
1,0,0,0,0,1,1,3.983,Windows,Dell,1,Intel Core i5,8,Intel
1,0,0,0,0,1,1,0.531,Windows,Lenovo,0,Intel Dual Core,2,Intel
1,0,0,0,1,1,1,3.745,Windows,Lenovo,1,Intel Core i7,8,Intel
1,1,1,1,1,0,0,5.113,Windows,Dell,1,Intel Core i7,16,Nvidia
1,0,0,0,1,0,0,2.364,Windows,Lenovo,0,Intel Core i7,8,Nvidia
0,0,0,0,0,0,0,1.11,Windows,HP,0,AMD Processor,8,AMD
1,0,0,1,1,1,1,5.221,Windows,Lenovo,0,Intel Core i7,16,Intel
1,0,0,0,1,0,0,2.491,Linux,Asus,0,Intel Core i7,8,Nvidia
1,0,0,0,0,1,1,0.959,Windows,Acer,0,Intel Core i3,4,Intel
1,0,0,0,0,1,1,0.584,Windows,Lenovo,0,Intel Dual Core,4,Intel
1,0,0,0,0,1,1,1.959,Windows,Acer,0,Intel Core i5,8,Intel
1,1,1,1,1,0,0,5.539,Windows,Razer,0,Intel Core i7,16,Nvidia
1,0,0,0,0,1,1,2.585,Windows,Toshiba,0,Intel Core i5,8,Intel
1,0,0,0,1,1,1,3.376,Windows,Lenovo,0,Intel Core i7,8,Intel
1,1,1,1,1,0,0,5.965,Windows,Asus,0,Intel Core i7,32,Nvidia
0,0,0,0,0,0,0,1.511,Linux,Acer,0,Intel Core i5,8,Nvidia
1,0,0,0,0,1,1,3.09,Windows,Dell,0,Intel Core i5,8,Intel
1,0,0,0,1,0,0,2.54,Windows,MSI,0,Intel Core i7,8,Nvidia
1,0,0,0,0,1,1,0.778,Linux,HP,0,Intel Core i3,4,Intel
1,0,0,0,0,1,1,2.268,Windows,Toshiba,0,Intel Core i5,8,Intel
1,0,0,0,1,0,0,1.959,Windows,Dell,0,Intel Core i7,8,AMD
1,1,1,1,1,0,0,2.419,Windows,Dell,0,Intel Core i7,16,AMD
1,0,0,0,1,0,0,2.549,Windows,Lenovo,0,Intel Core i7,8,Nvidia
1,1,1,1,1,0,0,6.708,Windows,Dell,0,Intel Core i7,32,Nvidia
1,0,0,0,0,1,1,2.619,Windows,Dell,0,Intel Core i5,8,Intel
1,0,0,0,0,1,1,0.893,Windows,Lenovo,0,Intel Dual Core,4,Intel
1,0,0,0,0,1,1,1.14,Windows,Lenovo,0,Intel Core i5,4,Intel
1,0,0,0,0,1,1,1.149,Windows,HP,0,Intel Core i3,6,AMD
1,0,0,0,1,0,0,3.169,Windows,MSI,0,Intel Core i7,8,Nvidia
1,0,0,0,0,1,1,1.061,Windows,Toshiba,0,Intel Core i3,4,Intel
1,0,0,0,0,1,1,2.035,Windows,Dell,0,Intel Core i5,8,Intel
1,0,0,0,1,0,0,1.588,Windows,HP,0,Intel Core i7,8,AMD
1,0,0,0,0,1,1,2.681,Windows,Toshiba,0,Intel Core i5,8,Intel
1,0,0,0,0,1,1,0.878,Linux,Acer,0,Intel Core i3,4,Intel
1,0,0,0,1,1,1,3.981,Windows,Microsoft,1,Intel Core i7,8,Intel
0,0,0,0,0,0,0,1.743,Windows,Lenovo,0,Intel Core i5,8,AMD
1,0,0,0,0,1,1,2.204,Windows,Lenovo,1,Intel Core i5,8,Intel
0,0,0,0,0,0,0,0.744,Windows,Lenovo,0,AMD Processor,4,AMD
1,0,0,0,0,1,1,1.49,Windows,HP,1,Intel Core i3,4,Nvidia
1,1,1,1,1,0,0,2.758,Windows,MSI,0,Intel Core i7,16,Nvidia
1,0,0,0,0,1,1,2.419,Windows,Asus,0,Intel Core i5,8,Intel
1,0,0,0,0,1,1,1.055,Linux,HP,1,Intel Dual Core,8,Intel
1,0,0,0,1,1,1,4.9,Windows,LG,0,Intel Core i7,8,Intel
0,0,1,1,0,0,0,2.768,Windows,Acer,0,Intel Core i5,16,Nvidia
0,0,0,0,0,0,0,2.127,Windows,MSI,0,Intel Core i5,8,Nvidia
1,0,0,0,0,1,1,0.893,Windows,Asus,0,Intel Dual Core,4,Intel
0,0,1,1,0,0,0,4.371,Windows,Dell,0,Intel Core i5,16,Nvidia
1,0,0,0,0,1,1,1.49,Windows,HP,0,Intel Core i3,4,AMD
1,0,0,0,1,1,1,3.195,Windows,Lenovo,1,Intel Core i7,8,Intel
1,1,1,1,1,0,0,5.997,Windows,Dell,0,Intel Core i7,16,Nvidia
0,0,0,0,0,0,0,1.306,Windows,HP,0,Intel Core i5,4,AMD
1,0,0,0,0,1,1,1.163,Windows,Dell,0,Intel Core i3,4,AMD
0,0,0,0,0,0,0,1.213,Windows,HP,0,AMD Processor,6,AMD
1,0,0,0,0,1,1,0.678,Windows,Lenovo,0,Intel Dual Core,4,Intel
1,0,0,0,0,1,1,0.799,Linux,Acer,0,Intel Dual Core,4,Intel
1,0,0,0,0,1,1,1.49,Windows,Lenovo,0,Intel Core i5,4,Intel
1,0,0,0,1,0,0,4.066,Windows,HP,0,Intel Core i7,8,Nvidia
1,0,0,0,1,1,1,5.52,Windows,Lenovo,1,Intel Core i7,8,Intel
1,0,0,0,0,1,1,2.074,Windows,Toshiba,0,Intel Core i5,8,Intel
1,0,0,0,0,1,1,0.573,Windows,Acer,0,Intel Dual Core,4,Intel
1,0,0,1,1,1,1,3.727,Windows,Lenovo,1,Intel Core i7,16,Intel
1,0,0,0,0,1,1,1.426,Linux,Asus,1,Intel Dual Core,4,Intel
1,0,0,1,1,1,1,4.0,Windows,Toshiba,1,Intel Core i7,16,Intel
1,0,0,0,1,0,0,1.468,Windows,HP,0,Intel Core i7,4,AMD
0,0,0,0,0,0,0,1.745,Windows,Dell,0,Intel Core i5,8,Nvidia
0,0,0,0,0,0,0,0.85,Windows,Lenovo,0,AMD Processor,4,AMD
0,0,0,0,0,0,0,0.914,Windows,Lenovo,0,AMD Processor,8,AMD
1,0,0,0,0,1,1,1.324,Windows,Lenovo,0,Intel Core i5,4,Intel
1,0,0,0,0,1,1,0.959,Linux,Lenovo,0,Intel Core i3,4,Intel
1,0,0,0,0,1,1,1.694,Windows,Dell,0,Intel Core i5,8,Intel
1,0,0,0,0,1,1,2.129,Windows,Acer,1,Intel Core i5,8,Intel
1,1,1,1,1,0,0,3.953,Windows,Lenovo,0,Intel Core i7,16,Nvidia
1,0,0,0,0,1,1,2.538,Windows,Lenovo,0,Intel Core i5,8,Intel
0,0,0,0,0,0,0,1.396,Windows,HP,0,AMD Processor,6,AMD
1,0,0,0,1,0,0,2.662,Windows,Lenovo,0,Intel Core i7,8,Nvidia
0,0,0,0,0,0,0,2.321,Linux,Dell,0,Intel Core i5,8,Nvidia
1,0,0,0,0,1,1,1.547,Linux,Dell,0,Intel Core i5,8,Intel
1,0,0,0,0,1,1,0.635,Windows,Asus,0,Intel Dual Core,4,Intel
1,0,0,1,0,1,1,3.04,Windows,Dell,0,Intel Core i5,16,Intel
0,0,0,0,0,0,0,1.827,Windows,Lenovo,0,Intel Core i5,8,Nvidia
1,0,0,0,0,1,1,2.513,Windows,Dell,0,Intel Core i5,8,Intel
0,0,0,0,0,0,0,0.635,Windows,Lenovo,0,AMD Processor,4,AMD
1,0,0,0,0,1,1,0.565,Windows,Mediacom,0,Intel Dual Core,4,Intel
1,0,0,0,1,0,0,2.557,Windows,HP,0,Intel Core i7,8,Nvidia
1,0,0,0,1,1,1,3.595,Windows,Lenovo,0,Intel Core i7,8,Intel
1,0,0,0,0,1,1,1.783,Windows,HP,1,Intel Core i5,8,Intel
1,0,0,0,0,1,1,3.195,Windows,Lenovo,0,Intel Core i5,8,Intel
1,1,1,1,1,0,0,7.799,Windows,Dell,0,Intel Core i7,32,Nvidia
1,0,0,0,1,0,0,2.874,Windows,MSI,0,Intel Core i7,8,Nvidia
1,0,0,0,0,1,1,1.044,Linux,Lenovo,0,Intel Core i5,4,Intel
0,0,0,0,0,0,0,1.532,Windows,Dell,0,Intel Core i5,8,AMD
1,0,0,0,0,1,1,1.383,Windows,Dell,1,Intel Core i3,4,Intel
0,0,0,0,0,0,0,1.256,Linux,Dell,0,Intel Core i5,8,AMD
0,0,0,0,0,0,0,1.042,Windows,HP,0,AMD Processor,4,AMD
1,1,1,1,1,0,0,4.124,Windows,Acer,0,Intel Core i7,16,Nvidia
1,0,0,0,0,1,1,1.383,Windows,Dell,0,Intel Core i5,12,Intel
0,0,0,0,0,0,0,1.385,Windows,HP,0,AMD Processor,6,AMD
1,0,0,0,0,1,1,1.191,Windows,Acer,0,Intel Core i5,4,Intel
1,0,0,0,0,1,1,2.046,Windows,Lenovo,0,Intel Core i5,8,Intel
1,0,0,0,1,1,1,1.66,Windows,Lenovo,0,Intel Core i7,4,Intel
1,1,1,1,1,0,0,5.155,Windows,HP,0,Intel Core i7,16,Nvidia
1,0,0,0,0,1,1,1.404,Windows,Dell,1,Intel Core i5,8,Intel
1,1,1,1,1,0,0,4.464,Windows,MSI,0,Intel Core i7,16,Nvidia
1,0,0,0,0,1,1,0.875,Windows,Acer,0,Intel Core i3,4,Intel
1,0,0,0,1,0,0,2.572,Windows,Dell,0,Intel Core i7,8,Nvidia
1,0,0,0,0,1,1,1.417,Windows,Dell,0,Intel Core i3,8,Intel
1,0,0,0,0,1,1,3.271,Windows,Toshiba,1,Intel Core i5,8,Intel
1,0,0,0,0,1,1,2.129,Windows,Lenovo,1,Intel Core i5,8,Intel
1,1,1,1,1,0,0,7.031,Windows,Lenovo,0,Intel Core i7,16,Nvidia
1,0,0,0,0,1,1,0.703,Linux,Acer,0,Intel Dual Core,2,Intel
1,0,0,1,1,1,1,3.514,Windows,Samsung,0,Intel Core i7,16,Intel
1,0,0,0,0,1,1,1.149,Windows,HP,0,Intel Core i3,8,Intel
1,0,0,0,0,1,1,2.401,Windows,Dell,0,Intel Core i5,8,Intel
0,0,1,1,0,0,0,9.354,Windows,HP,0,Intel Dual Core,16,Nvidia
1,0,0,0,0,1,1,1.012,Windows,Lenovo,1,Intel Dual Core,4,Intel
1,0,0,0,0,1,1,4.049,Windows,HP,0,Intel Core i5,8,Intel
0,0,0,0,0,0,0,1.234,Linux,Asus,0,Intel Core i5,4,Nvidia
1,0,0,0,0,1,1,2.336,Windows,Lenovo,0,Intel Core i5,4,Intel
1,0,0,0,1,1,1,1.811,Windows,Asus,0,Intel Core i7,4,Intel
1,0,0,0,0,1,1,2.555,Windows,Lenovo,1,Intel Core i5,8,Intel
0,0,0,0,0,0,0,2.342,Windows,HP,0,Intel Core i5,8,Nvidia
1,0,0,0,1,0,0,3.327,Windows,HP,0,Intel Core i7,8,Nvidia
1,1,1,1,1,0,0,6.114,Windows,Dell,0,Intel Core i7,16,Nvidia
1,0,0,0,0,1,1,1.277,Windows,Acer,0,Intel Core i5,4,Intel
1,0,0,0,1,0,0,2.233,Windows,Lenovo,0,Intel Core i7,8,Nvidia
1,0,0,1,1,1,1,3.962,Windows,Dell,0,Intel Core i7,16,Intel
1,0,0,0,0,1,1,3.323,Linux,Google,1,Intel Core i5,8,Intel
1,0,0,0,0,1,1,2.406,Windows,Asus,0,Intel Core i5,8,Intel
1,0,0,0,0,1,1,1.809,Windows,Dell,0,Intel Core i3,4,Intel
1,0,0,0,0,1,1,1.396,Windows,Acer,0,Intel Core i5,4,Intel
0,0,0,0,0,0,0,1.002,Windows,Asus,0,Intel Dual Core,4,Nvidia
1,1,1,1,1,0,0,2.342,Windows,Dell,1,Intel Core i7,16,Nvidia
1,0,0,0,1,1,1,3.408,Windows,Samsung,1,Intel Core i7,8,Intel
1,0,0,0,0,1,1,0.635,Linux,Acer,0,Intel Dual Core,4,Intel
1,1,1,1,1,0,0,2.518,Windows,Dell,0,Intel Core i7,16,AMD
1,1,1,1,1,0,0,3.834,Windows,Samsung,1,Intel Core i7,16,AMD
1,0,0,0,0,1,1,2.174,Windows,Toshiba,0,Intel Core i5,4,Intel
1,0,0,0,1,0,0,2.342,Windows,Dell,0,Intel Core i7,8,Nvidia
1,0,0,0,0,1,1,2.651,Windows,HP,0,Intel Core i5,4,Intel
1,0,0,0,1,0,0,1.788,Windows,Asus,1,Intel Core i7,12,Nvidia
1,1,1,1,1,0,0,5.051,Windows,Lenovo,0,Intel Core i7,16,Nvidia
1,0,0,0,0,1,1,1.355,Windows,Acer,0,Intel Core i3,4,Intel
1,1,1,1,1,0,0,6.178,Windows,Razer,0,Intel Core i7,16,Nvidia
1,0,0,0,0,1,1,1.24,Windows,Asus,0,Intel Dual Core,8,Intel
1,1,1,1,1,0,0,7.648,Windows,Dell,0,Intel Core i7,32,Nvidia
1,1,1,1,1,0,0,5.008,Windows,Asus,0,Intel Core i7,16,Nvidia
1,1,1,1,1,0,0,3.759,Windows,Toshiba,0,Intel Core i7,16,Nvidia
1,0,0,0,0,1,1,0.701,Linux,Lenovo,0,Intel Dual Core,8,Intel
1,0,0,1,1,1,1,4.9,Windows,Lenovo,0,Intel Core i7,16,Intel
1,1,1,1,1,0,0,4.03,Windows,MSI,0,Intel Core i7,16,Nvidia
0,0,0,0,0,0,0,2.321,Windows,MSI,0,Intel Core i5,8,Nvidia
1,0,0,0,1,0,0,2.129,Windows,Lenovo,0,Intel Core i7,4,Nvidia
1,1,1,1,1,0,0,4.9,Windows,Acer,0,Intel Core i7,16,Nvidia
0,0,0,0,0,0,0,2.099,Windows,Dell,0,Intel Core i5,8,Nvidia
1,0,0,0,1,0,0,2.854,Windows,Asus,0,Intel Core i7,8,Nvidia
1,0,0,0,0,1,1,0.432,Windows,Vero,0,Intel Dual Core,4,Intel
1,0,0,0,1,1,1,4.198,Windows,Lenovo,1,Intel Core i7,8,Intel
0,0,0,0,0,0,0,2.044,Windows,Lenovo,1,Intel Core i5,8,AMD
1,0,0,0,0,1,1,2.483,Mac,Apple,0,Intel Dual Core,8,Intel
1,0,0,0,0,1,1,4.966,Windows,Lenovo,1,Intel Core i5,8,Intel
1,0,0,0,0,1,1,0.637,Windows,Asus,0,Intel Dual Core,4,Intel
1,0,0,0,0,1,1,1.726,Windows,Dell,0,Intel Core i5,8,Intel
1,0,0,0,1,1,1,2.875,Windows,Lenovo,1,Intel Core i7,8,Intel
1,0,0,0,0,1,1,1.575,Windows,Dell,0,Intel Core i3,8,AMD
1,0,0,0,1,0,0,4.401,Windows,HP,0,Intel Core i7,8,Nvidia
1,0,0,0,0,1,1,2.342,Windows,Asus,0,Intel Core i5,8,Intel
1,0,0,0,0,1,1,3.195,Windows,Dell,0,Intel Core i5,8,Intel
0,0,0,0,0,0,0,3.727,Windows,Dell,1,Intel Core i5,8,Nvidia
1,0,0,0,0,1,1,1.586,Windows,Dell,0,Intel Dual Core,4,Intel
1,0,0,0,0,1,1,2.96,Windows,HP,0,Intel Core i5,8,Intel
1,0,0,0,0,1,1,1.662,Windows,Toshiba,0,Intel Core i5,4,Intel
0,0,0,0,0,0,0,1.341,Windows,HP,0,AMD Processor,8,AMD
1,1,1,1,1,0,0,3.578,Windows,Dell,0,Intel Core i7,16,Nvidia
0,0,0,0,0,0,0,1.298,Windows,Lenovo,0,Intel Core i5,4,Nvidia
1,0,0,0,1,0,0,3.727,Windows,HP,0,Intel Core i7,12,AMD
1,1,1,1,1,0,0,5.147,Windows,MSI,0,Intel Core i7,16,Nvidia
1,0,0,0,0,1,1,3.195,Windows,Samsung,0,Intel Core i5,8,Intel
1,0,0,0,1,0,0,2.048,Windows,Dell,0,Intel Core i7,8,Nvidia
0,0,0,0,0,0,0,1.683,Windows,Dell,0,Intel Core i5,8,AMD
1,0,0,0,1,1,1,3.962,Windows,Lenovo,0,Intel Core i7,8,Intel
1,0,0,1,1,1,1,3.834,Windows,Razer,1,Intel Core i7,16,Intel
1,0,0,0,0,1,1,0.821,Linux,HP,0,Intel Dual Core,4,Intel
1,1,1,1,1,0,0,5.339,Windows,Dell,0,Intel Core i7,16,Nvidia
1,0,0,0,0,1,1,1.609,Windows,Dell,0,Intel Core i5,4,Intel
1,0,0,0,0,1,1,1.044,Windows,Lenovo,0,Intel Core i3,4,Intel
1,0,0,0,0,1,1,2.323,Windows,Toshiba,0,Intel Core i5,4,Intel
1,0,0,0,1,1,1,5.326,Windows,Lenovo,0,Intel Core i7,8,Intel
0,0,0,0,0,0,0,2.555,Windows,MSI,0,Intel Core i5,8,Nvidia
1,0,0,0,0,1,1,3.996,Windows,Lenovo,0,Intel Core i5,8,Intel
1,0,0,0,0,1,1,1.063,Windows,Toshiba,0,Intel Dual Core,4,Intel
1,0,0,0,0,1,1,2.894,Windows,Asus,1,Intel Core i5,8,Intel
1,0,0,0,0,1,1,1.247,Windows,Dell,0,Intel Core i3,4,Intel
1,0,0,0,0,1,1,0.757,Linux,Acer,0,Intel Dual Core,4,Intel
1,0,0,0,0,1,1,1.319,Windows,Acer,0,Intel Core i3,8,Intel
1,1,1,1,1,0,0,11.719,Windows,Razer,1,Intel Core i7,32,Nvidia
1,0,0,1,1,1,1,4.473,Windows,Lenovo,0,Intel Core i7,16,Intel
0,0,0,0,0,0,0,1.106,Linux,Asus,0,Intel Core i5,4,Nvidia
1,0,0,0,0,1,1,2.528,Windows,Lenovo,0,Intel Core i5,8,Intel
1,0,0,0,0,1,1,3.516,Windows,Lenovo,0,Intel Core i5,8,Intel
1,1,1,1,1,0,0,5.913,Windows,Dell,0,Intel Core i7,16,Nvidia
1,1,1,1,1,0,0,5.155,Windows,Asus,0,Intel Core i7,16,Nvidia
1,0,0,0,0,1,1,1.426,Windows,Toshiba,0,Intel Core i3,4,Intel
1,0,0,0,0,1,1,0.693,Linux,Lenovo,0,Intel Dual Core,4,Intel
1,0,0,0,0,1,1,1.257,Windows,Asus,0,Intel Core i5,8,Intel
1,1,1,1,1,0,0,3.834,Windows,Asus,0,Intel Core i7,16,Nvidia
1,1,1,1,1,0,0,6.549,Windows,Dell,0,Intel Core i7,32,Nvidia
0,0,0,0,0,0,0,1.939,Windows,HP,0,Intel Core i5,8,Nvidia
1,0,0,0,0,1,1,1.522,Windows,Dell,0,Intel Core i5,8,Intel
1,0,0,0,1,1,1,3.985,Windows,HP,0,Intel Core i7,8,Intel
1,0,0,0,1,0,0,1.575,Windows,Dell,0,Intel Core i7,4,AMD
1,0,0,0,0,1,1,1.311,Linux,HP,1,Intel Dual Core,4,Intel
0,0,0,0,0,0,0,2.187,Windows,Asus,0,Intel Core i5,8,Nvidia
1,0,0,0,0,1,1,4.853,Windows,HP,1,Intel Core i5,8,Intel
1,0,0,0,1,1,1,3.129,Windows,HP,0,Intel Core i7,8,Intel
1,0,0,0,0,1,1,0.637,Linux,HP,0,Intel Dual Core,4,Intel
1,1,1,1,1,0,0,4.047,Windows,Asus,0,Intel Core i7,16,Nvidia
1,0,0,0,1,0,0,1.843,Linux,Dell,0,Intel Core i7,8,AMD
1,0,0,0,1,0,0,4.056,Windows,Lenovo,0,Intel Core i7,8,Nvidia
1,0,0,0,1,0,0,1.677,Windows,Asus,0,Intel Core i7,8,Nvidia
1,0,0,0,0,1,1,2.014,Windows,Dell,0,Intel Core i5,8,Intel
1,0,0,0,0,1,1,0.957,Windows,Asus,0,Intel Dual Core,4,Intel
1,0,0,0,1,1,1,5.454,Windows,HP,1,Intel Core i7,8,Intel
1,0,0,0,0,1,1,1.383,Windows,Dell,1,Intel Core i5,8,Intel
1,0,0,0,0,1,1,1.0,Linux,Lenovo,0,Intel Core i3,4,Intel
1,0,0,0,0,1,1,1.813,Windows,Lenovo,0,Intel Core i5,8,Intel
0,0,0,0,0,0,0,2.875,Windows,HP,0,Intel Core i5,8,AMD
1,0,0,0,0,1,1,2.739,Windows,Toshiba,0,Intel Core i5,4,Intel
0,0,0,0,0,0,0,2.167,Linux,Lenovo,0,Intel Core i5,8,Nvidia
1,0,0,1,1,1,1,4.774,Windows,Dell,1,Intel Core i7,16,Intel
1,0,0,0,0,1,1,1.939,Windows,HP,0,Intel Core i5,4,Intel
1,0,0,0,0,1,1,2.334,Windows,Toshiba,0,Intel Core i5,8,Intel
1,0,0,0,1,1,1,4.156,Windows,Lenovo,1,Intel Core i7,8,Intel
1,0,0,0,0,1,1,1.922,Windows,Acer,0,Intel Core i5,8,Intel
1,0,0,0,1,0,0,3.789,Windows,Dell,0,Intel Core i7,8,Nvidia
1,0,0,0,0,1,1,2.248,Windows,Lenovo,0,Intel Core i5,4,Intel
1,0,0,0,0,1,1,1.021,Linux,Lenovo,0,Intel Core i3,4,AMD
1,0,0,0,1,1,1,2.958,Windows,Toshiba,0,Intel Core i7,8,Intel
1,0,0,0,0,1,1,1.566,Windows,Lenovo,0,Intel Core i3,4,Intel
1,1,1,1,1,0,0,3.941,Windows,Samsung,0,Intel Core i7,16,Nvidia
1,0,0,0,1,1,1,3.602,Windows,Dell,0,Intel Core i7,8,Intel
1,0,0,0,0,1,1,0.85,Linux,Asus,0,Intel Dual Core,4,Intel
0,0,0,0,0,0,0,1.993,Windows,Xiaomi,0,Intel Core i5,8,Nvidia
0,0,0,0,0,0,0,1.945,Windows,Dell,0,Intel Core i5,4,Nvidia
1,0,0,0,0,1,1,1.788,Windows,HP,0,Intel Core i5,4,Intel
1,0,0,0,0,1,1,3.623,Windows,HP,1,Intel Core i5,4,Intel
1,0,0,0,0,1,1,1.459,Windows,HP,1,Intel Core i5,4,Intel
1,0,0,0,0,1,1,0.742,Windows,Asus,0,Intel Dual Core,4,Intel
1,0,0,0,1,0,0,1.426,Windows,Lenovo,0,Intel Core i7,8,Nvidia
1,0,0,0,0,1,1,0.786,Windows,Dell,0,Intel Dual Core,4,Intel
1,0,0,0,0,1,1,3.834,Windows,HP,1,Intel Core i5,4,Intel
1,0,0,0,0,1,1,0.971,Linux,Dell,0,Intel Core i3,4,AMD
0,0,0,0,0,0,0,2.92,Windows,Asus,0,Intel Core i5,12,Nvidia
1,0,0,0,0,1,1,0.633,Linux,Acer,0,Intel Dual Core,4,Intel
0,0,0,0,0,0,0,0.808,Windows,Lenovo,0,AMD Processor,4,AMD
1,0,0,0,0,1,1,2.696,Windows,HP,0,Intel Core i5,4,Intel
1,0,0,1,1,1,1,2.982,Windows,HP,1,Intel Core i7,16,Intel
1,0,0,0,1,1,1,3.621,Windows,Samsung,0,Intel Core i7,8,Intel
1,0,0,0,0,1,1,3.834,Windows,Lenovo,0,Intel Core i5,8,Intel
1,1,1,1,1,0,0,5.646,Windows,MSI,0,Intel Core i7,16,Nvidia
1,0,0,0,0,1,1,3.144,Windows,Toshiba,0,Intel Core i5,8,Intel
1,0,0,0,1,0,0,1.98,Linux,Dell,0,Intel Core i7,8,Nvidia
1,0,0,0,1,0,0,1.918,Windows,HP,0,Intel Core i7,8,Nvidia
1,0,0,0,0,1,1,1.309,Windows,Dell,0,Intel Core i3,4,AMD
1,0,0,0,0,1,1,1.993,Windows,Dell,0,Intel Core i5,8,Intel
1,0,0,0,1,1,1,4.29,Windows,Dell,1,Intel Core i7,8,Intel
1,1,1,1,1,0,0,2.726,Windows,Asus,0,Intel Core i7,32,Nvidia
1,0,0,1,1,1,1,3.514,Windows,Dell,1,Intel Core i7,16,Intel
1,0,0,0,1,1,1,4.367,Windows,Lenovo,0,Intel Core i7,8,Intel
1,0,0,0,0,1,1,4.184,Windows,Lenovo,0,Intel Core i5,8,Intel
1,0,0,1,1,1,1,4.473,Windows,LG,1,Intel Core i7,16,Intel
1,0,0,0,1,1,1,3.161,Windows,HP,0,Intel Core i7,8,Intel
1,0,0,0,0,1,1,0.765,Linux,Acer,0,Intel Dual Core,4,Intel
0,0,0,0,0,0,0,1.682,Windows,Lenovo,0,Intel Core i5,8,Nvidia
1,0,0,0,1,1,1,4.047,Windows,LG,1,Intel Core i7,8,Intel
1,0,0,0,0,1,1,2.568,Windows,Dell,0,Intel Core i5,8,Intel
1,0,0,0,0,1,1,6.607,Windows,HP,1,Intel Dual Core,8,Intel
1,0,0,0,1,0,0,1.682,Windows,Lenovo,0,Intel Core i7,6,Nvidia
1,0,0,0,1,0,0,2.172,Windows,HP,0,Intel Core i7,8,Nvidia
1,0,0,0,0,1,1,1.063,Windows,Acer,0,Intel Core i3,4,Intel
1,0,0,0,0,1,1,1.878,Windows,Lenovo,0,Intel Core i5,4,Intel
1,0,0,0,0,1,1,2.046,Windows,HP,0,Intel Core i5,8,Intel
1,1,1,1,1,0,0,3.408,Windows,MSI,0,Intel Core i7,16,Nvidia
1,1,1,1,1,0,0,2.875,Windows,Dell,0,Intel Core i7,16,Nvidia
0,0,0,0,0,0,0,2.387,Windows,MSI,0,Intel Core i5,8,Nvidia
0,0,0,0,0,0,0,1.46,Windows,Dell,0,Intel Core i5,4,AMD
1,0,0,0,1,0,0,2.764,Windows,HP,0,Intel Core i7,8,AMD
1,0,0,0,1,1,1,2.449,Windows,HP,1,Intel Core i7,8,Intel
1,1,1,1,1,0,0,4.209,Windows,Toshiba,0,Intel Core i7,16,Nvidia
1,0,0,0,0,1,1,3.889,Windows,Lenovo,1,Intel Core i5,8,Intel
1,0,0,0,0,1,1,1.556,Windows,Dell,0,Intel Core i5,4,Intel
1,0,0,0,1,1,1,3.516,Windows,Lenovo,0,Intel Core i7,8,Intel
1,0,0,0,0,1,1,2.483,Windows,HP,0,Intel Core i5,8,Intel
1,0,0,0,0,1,1,1.509,Windows,Dell,0,Intel Core i5,4,Intel
1,0,0,0,0,1,1,2.449,Windows,HP,0,Intel Core i5,4,Intel
1,0,0,0,0,1,1,0.659,Windows,Lenovo,0,Intel Dual Core,4,Intel
1,0,0,0,0,1,1,3.365,Windows,HP,0,Intel Core i5,4,Intel
1,0,0,0,0,1,1,0.616,Linux,HP,0,Intel Dual Core,4,Intel
1,0,0,1,1,1,1,3.834,Windows,Lenovo,1,Intel Core i7,16,Intel
1,0,0,0,0,1,1,2.355,Windows,Toshiba,0,Intel Core i5,4,Intel
1,0,0,0,0,1,1,3.557,Windows,HP,0,Intel Core i5,8,Intel
1,0,0,0,0,1,1,1.19,Windows,Dell,0,Intel Core i3,4,Intel
1,0,0,0,1,0,0,2.555,Windows,MSI,0,Intel Core i7,8,Nvidia
1,0,0,0,0,1,1,3.493,Windows,Dell,0,Intel Core i5,8,Intel
1,1,1,1,1,0,0,5.878,Windows,Dell,0,Intel Core i7,16,Nvidia
0,0,0,0,0,0,0,2.982,Windows,HP,0,Intel Core i5,8,Nvidia
0,0,0,0,0,0,0,1.13,Windows,Asus,0,Intel Dual Core,4,Nvidia
1,0,0,0,0,1,1,1.319,Windows,Acer,0,Intel Core i5,4,Intel
1,0,0,0,0,1,1,2.385,Windows,Toshiba,0,Intel Core i5,8,Intel
1,0,0,0,0,1,1,2.768,Windows,Lenovo,1,Intel Dual Core,8,Intel
0,0,1,1,0,0,0,2.129,Windows,Lenovo,0,AMD Processor,16,AMD
1,0,0,0,0,1,1,3.138,Windows,Dell,1,Intel Core i5,8,Intel
1,0,0,0,1,0,0,1.46,Linux,Lenovo,0,Intel Core i7,8,Nvidia
1,0,0,0,0,1,1,1.404,Windows,Dell,0,Intel Core i3,4,AMD
1,0,0,0,0,1,1,0.744,Linux,Acer,0,Intel Dual Core,4,Intel
1,0,0,0,1,0,0,4.793,Windows,HP,0,Intel Core i7,8,Nvidia
1,0,0,0,1,1,1,3.783,Windows,Dell,0,Intel Core i7,8,Intel
1,0,0,0,0,1,1,3.112,Windows,Toshiba,0,Intel Core i5,8,Intel
1,0,0,0,0,1,1,2.47,Linux,Asus,0,Intel Dual Core,8,Intel
1,0,0,0,1,1,1,3.173,Windows,Lenovo,0,Intel Core i7,8,Intel
1,1,1,1,1,0,0,6.722,Windows,Dell,0,Intel Core i7,16,Nvidia
1,0,0,0,0,1,1,4.047,Windows,Dell,1,Intel Core i5,8,Intel
1,0,0,0,0,1,1,1.652,Windows,HP,1,Intel Dual Core,4,Intel
1,0,0,0,1,1,1,2.702,Windows,Dell,0,Intel Core i7,8,Intel
1,0,0,0,0,1,1,0.829,Linux,Acer,1,Intel Dual Core,4,Intel
1,0,0,0,0,1,1,3.271,Windows,Toshiba,0,Intel Core i5,8,Intel
1,0,0,0,0,1,1,3.751,Windows,Lenovo,0,Intel Core i5,8,Intel
0,0,0,0,0,0,0,2.15,Windows,Acer,0,Intel Core i5,12,Nvidia
1,0,0,0,1,1,1,3.815,Windows,Toshiba,1,Intel Core i7,8,Intel
0,0,0,0,0,0,0,1.804,Windows,HP,0,Intel Core i5,8,Nvidia
1,0,0,0,0,1,1,0.992,Linux,Dell,0,Intel Core i3,4,AMD
1,0,0,0,0,1,1,1.758,Windows,Dell,0,Intel Core i5,4,Intel
1,0,0,0,0,1,1,1.46,Windows,HP,0,Intel Core i3,4,Intel
1,1,1,1,1,0,0,6.711,Windows,Dell,0,Intel Core i7,32,Nvidia
0,0,0,0,0,0,0,1.481,Windows,Lenovo,0,Intel Core i5,6,Nvidia
1,0,0,1,1,1,1,4.047,Windows,Dell,1,Intel Core i7,16,Intel
1,0,0,0,1,1,1,4.184,Windows,Dell,1,Intel Core i7,8,Intel
1,1,1,1,1,0,0,5.967,Windows,Dell,0,Intel Core i7,32,Nvidia
1,0,0,0,0,1,1,2.515,Windows,Toshiba,0,Intel Core i5,8,Intel
1,1,1,1,1,0,0,4.369,Windows,Asus,0,Intel Core i7,16,Nvidia
0,0,0,0,0,0,0,2.086,Windows,HP,0,Intel Core i5,8,Nvidia
1,0,0,0,0,1,1,2.135,Windows,Lenovo,0,Intel Core i5,4,Intel
1,1,1,1,1,0,0,3.834,Windows,Asus,1,Intel Core i7,16,Nvidia
1,0,0,0,1,1,1,1.234,Windows,HP,0,Intel Core i7,6,Intel
1,1,1,1,1,0,0,3.727,Windows,Asus,0,Intel Core i7,16,Nvidia
1,0,0,0,1,1,1,2.768,Windows,Dell,1,Intel Core i7,12,Intel
1,0,0,0,0,1,1,2.547,Windows,Toshiba,0,Intel Core i5,4,Intel
0,0,0,0,0,0,0,1.17,Windows,Lenovo,0,AMD Processor,6,AMD
1,0,0,0,0,1,1,1.383,Windows,Fujitsu,0,Intel Core i5,4,Intel
1,0,0,0,0,1,1,1.95,Windows,Toshiba,0,Intel Core i5,4,Intel
0,0,0,0,0,0,0,1.277,Windows,Dell,0,Intel Core i5,4,AMD
1,0,0,0,0,1,1,1.718,Windows,HP,0,Intel Core i5,8,Intel
1,0,0,0,1,0,0,2.534,Windows,Lenovo,0,Intel Core i7,8,Nvidia
1,0,0,0,1,0,0,1.596,Windows,Dell,0,Intel Core i7,8,AMD
1,0,0,0,0,1,1,2.385,Windows,Dell,0,Intel Core i5,8,Intel
1,0,0,0,0,1,1,4.066,Windows,HP,0,Intel Dual Core,8,Intel
1,0,0,0,0,1,1,1.063,Windows,HP,0,Intel Core i3,4,AMD
1,0,0,0,0,1,1,0.577,Linux,Lenovo,0,Intel Dual Core,4,Intel
1,0,0,0,0,1,1,2.875,Windows,Lenovo,0,Intel Core i5,8,Intel
1,0,0,0,0,1,1,1.895,Windows,Dell,1,Intel Core i5,8,Intel
1,0,0,0,0,1,1,2.451,Windows,Asus,0,Intel Core i5,8,Intel
1,0,0,0,1,1,1,2.875,Windows,HP,1,Intel Core i7,8,Intel
1,0,0,0,0,1,1,0.81,Windows,Acer,0,Intel Dual Core,4,Intel
1,1,1,1,1,0,0,3.834,Windows,Asus,0,Intel Core i7,16,Nvidia
1,0,0,0,1,1,1,4.452,Windows,HP,0,Intel Core i7,8,Intel
1,0,0,0,1,0,0,2.685,Windows,Acer,0,Intel Core i7,8,Nvidia
1,0,0,0,0,1,1,2.534,Windows,HP,0,Intel Core i5,8,Intel
1,0,0,0,0,1,1,1.166,Windows,Dell,0,Intel Core i3,4,Intel
1,0,0,0,0,1,1,1.66,Windows,HP,0,Intel Core i5,4,Intel
1,0,0,0,0,1,1,2.547,Windows,Toshiba,0,Intel Core i5,4,Intel
1,0,0,0,0,1,1,2.344,Windows,HP,0,Intel Core i5,4,Intel
1,0,0,0,0,1,1,2.568,Windows,HP,0,Intel Core i5,4,Intel
1,0,0,0,1,1,1,3.088,Windows,HP,0,Intel Core i7,8,Intel
0,0,0,0,0,0,0,2.236,Windows,HP,0,Intel Core i5,8,Nvidia
1,0,0,0,0,1,1,1.458,Windows,HP,0,Intel Core i3,4,Intel
0,0,0,0,0,0,0,2.023,Windows,Dell,0,Intel Core i5,8,Nvidia
1,0,0,0,0,1,1,3.28,Windows,HP,0,Intel Core i5,4,Intel
1,0,0,0,0,1,1,3.389,Windows,HP,0,Intel Core i5,4,Intel
1,0,0,0,1,1,1,4.022,Windows,HP,0,Intel Core i7,8,Intel
1,0,0,0,0,1,1,1.705,Windows,HP,0,Intel Core i3,4,Intel
1,0,0,0,0,1,1,2.579,Windows,Toshiba,0,Intel Core i5,8,Intel
1,0,0,0,0,1,1,1.641,Windows,HP,0,Intel Core i3,4,Intel
1,1,1,1,1,0,0,6.325,Windows,Lenovo,0,Intel Core i7,16,Nvidia
1,0,0,0,0,1,1,3.175,Windows,Toshiba,0,Intel Core i5,8,Intel
1,0,0,0,1,1,1,4.75,Windows,HP,0,Intel Core i7,8,Intel
1,0,0,0,0,1,1,1.696,Windows,Dell,1,Intel Core i3,4,Intel
1,0,0,0,0,1,1,3.389,Windows,Toshiba,0,Intel Core i5,8,Intel
1,0,0,0,0,1,1,2.449,Windows,HP,0,Intel Core i5,8,Intel
1,0,0,0,1,0,0,2.526,Windows,HP,0,Intel Core i7,8,Nvidia
1,0,0,0,0,1,1,2.23,Windows,Dell,0,Intel Core i5,8,Intel
1,0,0,0,0,1,1,3.323,Windows,HP,0,Intel Core i5,4,Intel
1,0,0,0,0,1,1,2.534,Windows,HP,0,Intel Core i5,4,Intel
1,0,0,0,0,1,1,2.259,Windows,HP,0,Intel Core i5,4,Intel
1,0,0,0,0,1,1,3.461,Windows,Dell,1,Intel Core i5,8,Intel
0,0,0,0,0,0,0,2.302,Windows,HP,0,Intel Core i5,8,Nvidia
1,0,0,0,0,1,1,2.074,Windows,HP,0,Intel Core i5,4,Intel
0,0,0,0,0,0,0,0.872,Windows,Acer,0,AMD Processor,6,AMD
1,0,0,0,1,0,0,2.54,Windows,MSI,0,Intel Core i7,8,Nvidia
1,0,0,0,0,1,1,2.547,Windows,HP,0,Intel Core i5,8,Intel
1,0,0,0,1,1,1,2.619,Windows,HP,0,Intel Core i7,8,Intel
1,0,0,0,1,1,1,2.875,Windows,HP,0,Intel Core i7,8,Intel
1,0,0,0,0,1,1,1.581,Windows,HP,0,Intel Core i5,4,Intel
1,0,0,0,1,1,1,3.676,Windows,Toshiba,0,Intel Core i7,8,Intel
1,0,0,0,0,1,1,2.265,Windows,Dell,0,Intel Core i5,8,Intel
1,0,0,0,0,1,1,2.154,Windows,HP,0,Intel Core i5,8,Intel
1,0,0,0,1,1,1,1.805,Windows,Lenovo,1,Intel Core i7,4,Intel
1,0,0,0,0,1,1,0.449,Windows,Vero,0,Intel Dual Core,2,Intel
1,1,1,1,1,0,0,3.037,Windows,Toshiba,0,Intel Core i7,16,Nvidia
1,0,0,0,0,1,1,2.237,Windows,Lenovo,0,Intel Core i5,8,Intel
1,0,0,0,0,1,1,2.131,Windows,HP,0,Intel Core i5,4,Intel
1,0,0,0,0,1,1,4.483,Windows,HP,0,Intel Core i5,8,Intel
1,0,0,0,0,1,1,3.131,Windows,HP,0,Intel Core i5,8,Intel
1,1,1,1,1,0,0,3.294,Windows,MSI,0,Intel Core i7,16,Nvidia
1,1,1,1,1,0,0,4.88,Windows,Lenovo,0,Intel Core i7,16,Nvidia
1,0,0,0,0,1,1,0.614,Linux,Asus,0,Intel Dual Core,4,Intel
1,0,0,1,1,1,1,5.584,Windows,Lenovo,0,Intel Core i7,16,Intel
1,0,0,0,1,0,0,2.086,Windows,HP,0,Intel Core i7,8,Nvidia
1,0,0,0,0,1,1,2.332,Windows,Dell,1,Intel Core i5,8,Intel
1,0,0,0,0,1,1,2.086,Windows,HP,0,Intel Core i5,4,Intel
1,0,0,1,1,1,1,4.804,Windows,Dell,1,Intel Core i7,16,Intel
1,0,0,0,0,1,1,1.503,Windows,HP,0,Intel Core i3,4,Intel
1,0,0,0,0,1,1,1.063,Linux,HP,0,Intel Core i5,4,Intel
0,0,0,0,0,0,0,0.957,Windows,Acer,0,AMD Processor,8,AMD
1,0,0,0,1,1,1,2.768,Windows,Dell,1,Intel Core i7,12,Intel
1,1,1,1,1,0,0,3.877,Windows,MSI,0,Intel Core i7,16,Nvidia
1,0,0,0,1,1,1,2.28,Windows,HP,0,Intel Core i7,8,Intel
1,1,1,1,1,0,0,2.127,Linux,Asus,0,Intel Core i7,16,Nvidia
1,0,0,0,0,1,1,1.191,Windows,Dell,0,Intel Core i5,4,Intel
1,1,1,1,1,0,0,2.11,Windows,Dell,0,Intel Core i7,16,AMD
1,1,1,1,1,0,0,4.111,Windows,MSI,0,Intel Core i7,16,Nvidia
1,0,0,0,1,1,1,3.107,Windows,Dell,0,Intel Core i7,8,Intel
1,0,0,0,1,1,1,1.701,Windows,Dell,1,Intel Core i7,8,Intel
1,1,1,1,1,0,0,2.832,Windows,Dell,0,Intel Core i7,16,Nvidia
1,0,0,0,0,1,1,2.771,Mac,Apple,0,Intel Dual Core,8,Intel
1,0,0,0,0,1,1,1.027,Windows,Dell,0,Intel Core i3,4,Intel
1,0,0,0,0,1,1,2.555,Windows,HP,0,Intel Core i5,4,Intel
1,0,0,0,0,1,1,2.555,Windows,HP,0,Intel Core i5,8,Intel
1,0,0,0,1,1,1,2.323,Windows,HP,0,Intel Core i7,8,Intel
1,0,0,0,1,1,1,3.652,Windows,Lenovo,1,Intel Core i7,8,Intel
0,0,0,0,0,0,0,1.404,Windows,Lenovo,0,Intel Core i5,8,AMD
0,0,0,0,0,0,0,2.082,Windows,Lenovo,0,Intel Core i5,4,Nvidia
1,1,1,1,1,0,0,5.326,Windows,MSI,0,Intel Core i7,16,Nvidia
1,0,0,0,0,1,1,1.151,Windows,Lenovo,0,Intel Core i5,4,Intel
1,0,0,0,0,1,1,2.003,Windows,HP,0,Intel Core i5,4,Intel
1,0,0,0,0,1,1,2.982,Windows,Lenovo,1,Intel Dual Core,8,Intel
1,1,1,1,1,0,0,6.905,Windows,Lenovo,0,Intel Core i7,32,Nvidia
1,0,0,0,0,1,1,1.377,Windows,Lenovo,1,Intel Dual Core,4,Intel
1,0,0,1,1,1,1,4.367,Windows,HP,0,Intel Core i7,16,Intel
1,0,0,0,0,1,1,1.598,Windows,Dell,0,Intel Core i5,8,Intel
1,0,0,0,0,1,1,2.197,Windows,HP,0,Intel Core i5,4,Intel
1,0,0,0,1,0,0,3.186,Windows,HP,0,Intel Core i7,8,AMD
1,0,0,0,0,1,1,2.555,Windows,Lenovo,0,Intel Core i5,8,Intel
1,0,0,0,0,1,1,1.311,Linux,HP,0,Intel Dual Core,4,Intel
0,0,0,0,0,0,0,0.825,Windows,Acer,0,AMD Processor,4,AMD
1,0,0,0,0,1,1,0.839,Linux,Dell,0,Intel Dual Core,4,Intel
1,0,0,0,0,1,1,0.737,Linux,HP,0,Intel Core i3,4,Intel
1,0,0,0,1,0,0,3.408,Windows,Asus,0,Intel Core i7,8,Nvidia
0,0,0,0,0,0,0,1.744,Windows,Dell,0,Intel Core i5,4,AMD
1,0,0,0,0,1,1,3.408,Windows,HP,0,Intel Core i5,4,Intel
0,0,0,0,0,0,0,1.703,Windows,Acer,0,Intel Core i5,8,Nvidia
0,0,0,0,0,0,0,1.361,Windows,Dell,0,Intel Core i5,8,AMD
1,0,0,0,1,0,0,3.408,Windows,MSI,0,Intel Core i7,8,Nvidia
1,0,0,0,0,1,1,1.066,Windows,HP,0,Intel Dual Core,4,Intel
1,1,1,1,1,0,0,4.9,Windows,Asus,0,Intel Core i7,16,Nvidia
1,0,0,0,0,1,1,2.419,Windows,Dell,0,Intel Core i3,4,Intel
1,0,0,0,0,1,1,2.487,Windows,Dell,0,Intel Core i3,4,Intel
1,0,0,0,0,1,1,0.445,Linux,Acer,0,Intel Dual Core,4,Intel
1,0,0,0,1,0,0,6.178,Windows,HP,0,Intel Core i7,8,AMD
1,1,1,1,1,0,0,2.555,Windows,Lenovo,0,Intel Core i7,16,Nvidia
1,0,0,0,0,1,1,3.012,Windows,Dell,0,Intel Core i5,8,Intel
1,0,0,0,1,0,0,3.221,Windows,MSI,0,Intel Core i7,8,Nvidia
1,0,0,0,0,1,1,1.848,Windows,Lenovo,1,Intel Core i5,4,Intel
0,0,0,0,0,0,0,0.848,Windows,HP,0,AMD Processor,4,AMD
1,1,1,1,1,0,0,2.854,Windows,Asus,0,Intel Core i7,16,Nvidia
1,0,0,0,0,1,1,3.621,Windows,HP,1,Intel Dual Core,8,Intel
0,0,0,0,0,0,0,1.639,Windows,Dell,0,Intel Core i5,4,AMD
1,0,0,0,0,1,1,0.914,Windows,Lenovo,0,Intel Core i3,4,Intel
1,0,0,0,1,1,1,4.196,Windows,HP,0,Intel Core i7,8,Intel
1,0,0,0,0,1,1,1.17,Linux,Lenovo,1,Intel Dual Core,4,Intel
1,0,0,0,1,1,1,2.939,Windows,Dell,0,Intel Core i7,8,Intel
1,1,1,1,1,0,0,5.861,Windows,Lenovo,0,Intel Core i7,16,Nvidia
1,0,0,0,1,1,1,2.193,Windows,Razer,1,Intel Core i7,8,Intel
1,0,0,1,1,1,1,4.744,Windows,Toshiba,0,Intel Core i7,16,Intel
1,0,0,0,1,0,0,2.797,Windows,Asus,0,Intel Core i7,8,Nvidia
1,0,0,0,0,1,1,0.418,Windows,Vero,0,Intel Dual Core,4,Intel
1,0,0,0,0,1,1,3.602,Windows,HP,0,Intel Core i5,8,Intel
1,0,0,0,0,1,1,3.225,Windows,HP,0,Intel Core i5,8,Intel
1,0,0,0,0,1,1,1.116,Linux,Dell,0,Intel Core i5,4,Intel
1,0,0,0,0,1,1,0.927,Windows,Asus,0,Intel Core i3,4,Intel
1,0,0,0,1,1,1,3.557,Windows,Lenovo,1,Intel Core i7,8,Intel
1,0,0,0,0,1,1,1.021,Windows,Lenovo,1,Intel Dual Core,4,Intel
1,0,0,0,0,1,1,4.039,Windows,HP,0,Intel Core i5,8,Intel
0,0,0,0,0,0,0,2.108,Linux,Lenovo,0,Intel Core i5,8,Nvidia
0,0,0,0,0,0,0,2.406,Windows,HP,0,Intel Core i5,8,Nvidia
1,0,0,0,1,1,1,1.341,Windows,HP,0,Intel Core i7,8,Intel
1,0,0,0,1,0,0,4.37,Windows,Lenovo,1,Intel Core i7,8,Nvidia
1,0,0,0,0,1,1,0.592,Windows,Asus,0,Intel Dual Core,4,Intel
1,0,0,0,1,1,1,1.603,Windows,HP,0,Intel Core i7,8,Intel
0,0,0,0,0,0,0,1.313,Windows,Acer,0,Intel Core i5,4,Nvidia
1,1,1,1,1,0,0,2.342,Windows,Lenovo,0,Intel Core i7,16,AMD
1,0,0,0,1,0,0,8.417,Windows,HP,0,Intel Core i7,8,Nvidia
0,0,0,0,0,0,0,1.671,Windows,Dell,0,Intel Core i5,8,AMD
1,1,1,1,1,0,0,5.113,Windows,MSI,0,Intel Core i7,16,Nvidia
1,0,0,0,1,1,1,4.628,Windows,HP,0,Intel Core i7,8,Intel
1,0,0,1,1,1,1,5.2,Windows,Lenovo,1,Intel Core i7,16,Intel
1,0,0,0,1,0,0,2.436,Windows,MSI,0,Intel Core i7,8,Nvidia
1,0,0,0,0,1,1,3.472,Windows,HP,1,Intel Core i5,8,Intel
1,0,0,0,1,0,0,4.75,Windows,HP,0,Intel Core i7,8,Nvidia
1,0,0,0,1,1,1,3.834,Windows,HP,1,Intel Core i7,8,Intel
1,0,0,0,1,0,0,4.047,Windows,HP,0,Intel Core i7,8,Nvidia
1,0,0,0,1,1,1,4.895,Windows,HP,0,Intel Core i7,8,Intel
1,0,0,0,1,0,0,2.152,Windows,Dell,0,Intel Core i7,8,Nvidia
1,0,0,0,0,1,1,3.365,Windows,HP,0,Intel Core i5,8,Intel
1,0,0,0,1,1,1,4.985,Windows,Lenovo,1,Intel Core i7,8,Intel
1,0,0,0,0,1,1,0.722,Linux,Lenovo,0,Intel Core i3,4,Intel
0,0,0,0,0,0,0,0.633,Windows,HP,0,AMD Processor,4,AMD
0,0,0,0,0,0,0,1.277,Linux,Lenovo,0,Intel Core i5,8,AMD
1,0,0,0,1,0,0,2.555,Windows,Dell,0,Intel Core i7,8,Nvidia
0,0,0,0,0,0,0,4.797,Windows,Dell,1,Intel Core i5,8,Nvidia
0,0,0,0,0,0,0,1.021,Windows,HP,0,AMD Processor,4,AMD
1,1,1,1,1,0,0,3.181,Windows,MSI,0,Intel Core i7,16,Nvidia
1,0,0,0,1,1,1,4.9,Windows,Lenovo,0,Intel Core i7,12,Intel
0,0,0,0,0,0,0,1.68,Windows,Lenovo,0,Intel Core i5,8,AMD
1,0,0,0,1,1,1,4.35,Windows,HP,1,Intel Core i7,8,Intel
1,0,0,0,1,1,1,3.195,Windows,Lenovo,0,Intel Core i7,8,Intel
1,1,1,1,1,0,0,3.77,Windows,MSI,0,Intel Core i7,16,Nvidia
1,0,0,0,1,0,0,1.916,Windows,HP,0,Intel Core i7,8,Nvidia
1,0,0,0,0,1,1,0.978,Windows,Lenovo,0,Intel Core i3,8,Intel
1,0,0,0,0,1,1,1.017,Linux,HP,0,Intel Core i5,4,Intel
1,0,0,0,1,0,0,3.193,Windows,Dell,0,Intel Core i7,8,Nvidia
1,0,0,0,0,1,1,2.962,Windows,Lenovo,0,Intel Core i5,8,Intel
1,0,0,0,0,1,1,0.997,Windows,Lenovo,0,Intel Core i3,4,Nvidia
1,0,0,0,0,1,1,0.531,Windows,HP,0,Intel Dual Core,2,Intel
1,0,0,0,1,0,0,1.788,Windows,MSI,0,Intel Core i7,8,Nvidia
1,0,0,0,1,1,1,1.447,Windows,HP,0,Intel Core i7,8,Intel
1,0,0,1,1,1,1,2.47,Windows,HP,0,Intel Core i7,16,Intel
1,0,0,0,0,1,1,0.786,Windows,Asus,0,Intel Dual Core,4,Intel
1,0,0,0,0,1,1,0.848,Linux,Lenovo,0,Intel Core i5,4,Intel
1,0,0,0,1,0,0,1.511,Linux,Lenovo,0,Intel Core i7,8,Nvidia
1,0,0,0,0,1,1,1.639,Windows,Asus,0,Intel Core i3,4,Intel
1,0,0,0,1,1,1,1.758,Windows,Lenovo,0,Intel Core i7,4,Intel
1,1,1,1,1,0,0,2.781,Windows,Lenovo,0,Intel Core i7,16,Nvidia
1,1,1,1,1,0,0,4.589,Windows,MSI,0,Intel Core i7,16,Nvidia
1,0,0,0,0,1,1,1.385,Windows,HP,0,Intel Core i3,4,Intel
1,0,0,0,0,1,1,3.489,Windows,Lenovo,1,Intel Core i5,8,Intel
1,0,0,0,1,0,0,1.771,Windows,Lenovo,0,Intel Core i7,6,Nvidia
1,0,0,0,1,0,0,1.907,Linux,Dell,0,Intel Core i7,8,Nvidia
1,0,0,0,0,1,1,0.71,Windows,Acer,0,Intel Dual Core,4,Intel
1,0,0,0,1,0,0,1.703,Windows,HP,0,Intel Core i7,6,Nvidia
1,0,0,0,1,0,0,1.937,Windows,Asus,0,Intel Core i7,8,Nvidia
1,0,0,1,1,1,1,2.513,Windows,Dell,1,Intel Core i7,16,Intel
0,0,0,0,0,0,0,1.473,Windows,Acer,0,Intel Core i5,4,Nvidia
1,0,0,0,0,1,1,2.342,Linux,Dell,1,Intel Core i5,8,Intel
1,1,1,1,1,0,0,5.539,Windows,Acer,0,Intel Core i7,16,Nvidia
0,0,0,0,0,0,0,1.745,Windows,Lenovo,0,Intel Core i5,8,Nvidia
1,0,0,0,0,1,1,1.034,Windows,HP,0,Intel Core i5,4,Intel
1,0,0,0,0,1,1,2.479,Mac,Apple,0,Intel Dual Core,8,Intel
1,0,0,0,0,1,1,2.555,Windows,Dell,1,Intel Core i5,8,Intel
1,0,0,0,1,0,0,2.828,Windows,HP,0,Intel Core i7,12,Nvidia
1,0,0,0,0,1,1,0.784,Linux,Lenovo,0,Intel Core i3,4,AMD
1,1,1,1,1,0,0,4.582,Windows,Asus,0,Intel Core i7,16,Nvidia
1,0,0,0,0,1,1,0.58,Linux,Acer,0,Intel Dual Core,4,Intel
1,1,1,1,1,0,0,4.367,Windows,MSI,0,Intel Core i7,16,Nvidia
1,0,0,0,0,1,1,1.063,Windows,Dell,0,Intel Core i3,4,AMD
1,0,0,0,1,0,0,1.341,Linux,Lenovo,0,Intel Core i7,8,Nvidia
1,0,0,1,1,1,1,2.739,Windows,Dell,1,Intel Core i7,16,Intel
1,0,0,1,1,1,1,5.712,Windows,Dell,1,Intel Core i7,16,Intel
1,0,0,0,1,0,0,2.491,Windows,Asus,0,Intel Core i7,8,Nvidia
0,0,0,0,0,0,0,1.895,Windows,Dell,0,Intel Core i5,8,AMD
1,0,0,0,0,1,1,1.234,Windows,HP,0,Intel Core i5,8,Intel
0,0,0,0,0,0,0,0.637,Windows,Lenovo,0,AMD Processor,4,AMD
1,0,0,0,0,1,1,1.341,Windows,Acer,0,Intel Core i3,8,Nvidia
1,1,1,1,1,0,0,5.219,Windows,Asus,0,Intel Core i7,16,Nvidia
1,0,0,0,0,1,1,2.726,Mac,Apple,0,Intel Dual Core,8,Intel
1,1,1,1,1,0,0,3.727,Windows,Asus,0,Intel Core i7,16,Nvidia
1,1,1,1,1,0,0,4.154,Windows,MSI,0,Intel Core i7,16,Nvidia
1,0,0,0,0,1,1,2.129,Windows,Dell,1,Intel Core i5,8,Intel
1,1,1,1,1,0,0,4.154,Windows,Asus,0,Intel Core i7,16,Nvidia
1,0,0,0,0,1,1,0.371,Linux,Acer,0,Intel Dual Core,2,Intel
1,0,0,0,0,1,1,1.274,Windows,Acer,0,Intel Core i3,4,Nvidia
1,0,0,0,0,1,1,1.149,Linux,Lenovo,0,Intel Core i5,8,Intel
1,0,0,0,1,0,0,2.711,Windows,Lenovo,0,Intel Core i7,8,Nvidia
1,0,0,0,1,1,1,2.449,Windows,Acer,1,Intel Core i7,8,Intel
1,0,0,0,1,1,1,3.259,Windows,Lenovo,0,Intel Core i7,8,Intel
1,0,0,0,1,0,0,3.146,Windows,MSI,0,Intel Core i7,8,Nvidia
0,0,0,0,0,0,0,1.127,Windows,HP,0,AMD Processor,6,AMD
1,0,0,0,0,1,1,3.652,Windows,Dell,1,Intel Core i5,8,Intel
1,0,0,0,0,1,1,1.085,Windows,Dell,1,Intel Core i3,4,Intel
1,0,0,0,0,1,1,0.659,Windows,Asus,0,Intel Dual Core,4,Intel
1,0,0,0,1,1,1,3.148,Windows,Dell,1,Intel Core i7,8,Intel
1,0,0,0,0,1,1,1.112,Linux,Dell,0,Intel Core i5,4,Intel
1,1,1,1,1,0,0,2.193,Windows,Lenovo,1,Intel Core i7,16,Nvidia
1,0,0,0,1,0,0,2.449,Windows,MSI,0,Intel Core i7,8,Nvidia
1,0,0,1,1,1,1,3.516,Windows,Lenovo,1,Intel Core i7,16,Intel
1,1,1,1,1,0,0,7.457,Windows,Razer,0,Intel Core i7,16,Nvidia
1,0,0,0,0,1,1,1.0,Windows,Dell,1,Intel Core i3,8,Intel
1,1,1,1,1,0,0,3.406,Windows,MSI,0,Intel Core i7,16,Nvidia
1,0,0,0,0,1,1,2.044,Mac,Apple,0,Intel Core i5,4,Intel
1,0,0,0,0,1,1,1.019,Windows,HP,0,Intel Core i3,4,Intel
1,0,0,0,1,1,1,4.685,Windows,HP,0,Intel Core i7,8,Intel
1,0,0,0,0,1,1,1.571,Windows,Dell,0,Intel Core i5,4,Intel
1,0,0,0,1,0,0,2.491,Windows,MSI,0,Intel Core i7,8,Nvidia
1,0,0,1,1,1,1,3.195,Windows,Lenovo,0,Intel Core i7,16,Intel
0,0,0,0,0,0,0,1.274,Windows,Lenovo,0,AMD Processor,6,AMD
1,0,0,0,1,1,1,2.728,Windows,Asus,0,Intel Core i7,8,Intel
1,0,0,0,0,1,1,0.771,Linux,Acer,0,Intel Core i3,4,Intel
1,1,1,1,1,0,0,3.834,Windows,Dell,1,Intel Core i7,16,Nvidia
1,0,0,0,0,1,1,2.344,Windows,HP,0,Intel Core i5,4,Intel
1,1,1,1,1,0,0,3.41,Windows,Asus,0,Intel Core i7,16,Nvidia
1,0,0,0,0,1,1,1.865,Windows,Dell,0,Intel Core i5,4,Intel
1,1,1,1,1,0,0,4.955,Windows,Asus,0,Intel Core i7,16,Nvidia
1,0,0,0,0,1,1,1.221,Linux,Lenovo,0,Intel Core i5,8,Intel
1,0,0,0,0,1,1,3.864,Windows,Dell,1,Intel Core i5,8,Intel
1,0,0,0,0,1,1,0.691,Linux,Dell,0,Intel Dual Core,4,Intel
0,0,0,0,0,0,0,0.85,Windows,HP,0,AMD Processor,4,AMD
1,0,0,0,0,1,1,1.213,Windows,Lenovo,0,Intel Core i3,6,Nvidia
1,0,0,0,0,1,1,2.285,Windows,Lenovo,0,Intel Core i5,8,Intel
1,0,0,0,0,1,1,0.946,Windows,Dell,0,Intel Dual Core,4,Intel
1,0,0,0,0,1,1,0.722,Windows,Asus,0,Intel Dual Core,4,Intel
1,1,1,1,1,0,0,4.049,Windows,Asus,0,Intel Core i7,16,Nvidia
1,0,0,0,0,1,1,1.044,Windows,Dell,0,Intel Core i3,4,Intel
1,0,0,0,1,0,0,1.907,Windows,Lenovo,0,Intel Core i7,8,AMD
1,0,0,0,1,0,0,2.619,Windows,MSI,0,Intel Core i7,8,Nvidia
1,0,0,0,0,1,1,1.775,Windows,Lenovo,1,Intel Core i5,4,Intel
1,0,0,0,0,1,1,1.554,Windows,Asus,0,Intel Dual Core,8,Intel
1,0,0,0,0,1,1,0.978,Windows,Dell,0,Intel Core i3,6,Intel
1,0,0,0,0,1,1,0.616,Linux,Acer,0,Intel Dual Core,4,Intel
1,0,0,0,0,1,1,0.808,Windows,Dell,0,Intel Dual Core,2,Intel
1,0,0,0,1,0,0,1.916,Windows,Lenovo,0,Intel Core i7,8,Nvidia
0,0,0,0,0,0,0,1.172,Windows,HP,0,AMD Processor,6,AMD
1,0,0,0,1,0,0,1.718,Linux,Dell,0,Intel Core i7,8,AMD
1,0,0,0,0,1,1,0.445,Windows,HP,0,Intel Dual Core,2,Intel
1,0,0,0,1,0,0,1.535,Windows,Asus,0,Intel Core i7,4,Nvidia
1,0,0,0,1,1,1,1.36,Windows,Lenovo,1,Intel Core i7,4,Intel
1,0,0,1,1,1,1,3.195,Windows,Lenovo,1,Intel Core i7,16,Intel
1,0,0,0,0,1,1,0.488,Windows,Lenovo,0,Intel Dual Core,2,Intel
1,0,0,0,1,0,0,1.628,Windows,HP,0,Intel Core i7,6,AMD
1,0,0,0,0,1,1,0.786,Windows,Asus,0,Intel Dual Core,4,Intel
1,0,0,0,0,1,1,1.554,Windows,Asus,0,Intel Dual Core,8,Intel
1,0,0,0,0,1,1,0.978,Windows,Dell,0,Intel Core i3,6,Intel
1,0,0,0,0,1,1,0.616,Linux,Acer,0,Intel Dual Core,4,Intel
1,0,0,0,0,1,1,0.808,Windows,Dell,0,Intel Dual Core,2,Intel
1,0,0,0,1,0,0,1.916,Windows,Lenovo,0,Intel Core i7,8,Nvidia
0,0,0,0,0,0,0,1.172,Windows,HP,0,AMD Processor,6,AMD
1,0,0,0,1,0,0,1.718,Linux,Dell,0,Intel Core i7,8,AMD
1,0,0,0,0,1,1,0.445,Windows,HP,0,Intel Dual Core,2,Intel
1,0,0,0,1,0,0,1.535,Windows,Asus,0,Intel Core i7,4,Nvidia
1,0,0,0,1,1,1,1.36,Windows,Lenovo,1,Intel Core i7,4,Intel
1,0,0,1,1,1,1,3.195,Windows,Lenovo,1,Intel Core i7,16,Intel
1,0,0,0,0,1,1,0.488,Windows,Lenovo,0,Intel Dual Core,2,Intel
1,0,0,0,1,0,0,1.628,Windows,HP,0,Intel Core i7,6,AMD
1,0,0,0,0,1,1,0.786,Windows,Asus,0,Intel Dual Core,4,Intel
1,0,0,0,0,1,1,1.554,Windows,Asus,0,Intel Dual Core,8,Intel
1,0,0,0,0,1,1,0.978,Windows,Dell,0,Intel Core i3,6,Intel
1,0,0,0,0,1,1,0.616,Linux,Acer,0,Intel Dual Core,4,Intel
1,0,0,0,0,1,1,0.808,Windows,Dell,0,Intel Dual Core,2,Intel
1,0,0,0,1,0,0,1.916,Windows,Lenovo,0,Intel Core i7,8,Nvidia
0,0,0,0,0,0,0,1.172,Windows,HP,0,AMD Processor,6,AMD
1,0,0,0,1,0,0,1.718,Linux,Dell,0,Intel Core i7,8,AMD
1,0,0,0,0,1,1,0.445,Windows,HP,0,Intel Dual Core,2,Intel
1,0,0,0,1,0,0,1.535,Windows,Asus,0,Intel Core i7,4,Nvidia
1,0,0,0,1,1,1,1.36,Windows,Lenovo,1,Intel Core i7,4,Intel
1,0,0,1,1,1,1,3.195,Windows,Lenovo,1,Intel Core i7,16,Intel
1,0,0,0,0,1,1,0.488,Windows,Lenovo,0,Intel Dual Core,2,Intel
1,0,0,0,1,0,0,1.628,Windows,HP,0,Intel Core i7,6,AMD
1,0,0,0,0,1,1,0.786,Windows,Asus,0,Intel Dual Core,4,Intel
